survey,country,edyears,pct20_29,pct20_29_male,pct20_29_female,pct20_29_urban,pct20_29_rural,pct20_29_q1,pct20_29_q2,pct20_29_q3,pct20_29_q4,pct20_29_q5
AF7,Afghanistan,0,1,1,1,1,1,1,1,1,1,1
AF7,Afghanistan,1,0.46016732,0.64202595,0.28189489,0.64604145,0.39375383,0.37120062,0.36697987,0.34694526,0.47356257,0.69312626
AF7,Afghanistan,2,0.45804545,0.63935786,0.28030854,0.64191121,0.3923496,0.37029746,0.36564144,0.34530449,0.47172251,0.68872964
AF7,Afghanistan,3,0.44630852,0.62358683,0.2725262,0.62935686,0.3809047,0.36064279,0.35492027,0.3349117,0.45494428,0.67776334
AF7,Afghanistan,4,0.42402396,0.59900165,0.25249681,0.6057536,0.35909131,0.33702463,0.33114025,0.31581861,0.42879376,0.65845466
AF7,Afghanistan,5,0.39927676,0.57007027,0.23185129,0.57637286,0.3359997,0.31077373,0.31069794,0.29462746,0.39895865,0.63270736
AF7,Afghanistan,6,0.37427598,0.53846091,0.21332885,0.54503125,0.31326455,0.28339136,0.28566459,0.27566969,0.3771508,0.60168409
AF7,Afghanistan,7,0.33538261,0.48705769,0.18669865,0.50707126,0.27403766,0.23322141,0.24680889,0.24452978,0.33820489,0.56511295
AF7,Afghanistan,8,0.30994314,0.45171288,0.17096916,0.47400576,0.25132298,0.20984884,0.2225982,0.22132815,0.31569937,0.53254265
AF7,Afghanistan,9,0.28083035,0.40980291,0.15440115,0.444157,0.22247316,0.18216066,0.18711366,0.19655283,0.28440201,0.50587779
AF7,Afghanistan,10,0.25122359,0.3649807,0.13970986,0.41029453,0.194387,0.14919207,0.16128048,0.17274655,0.25670224,0.46915793
AF7,Afghanistan,11,0.22344361,0.32288268,0.12596552,0.37729049,0.16847357,0.1268976,0.13579009,0.14710236,0.22544341,0.43635419
AF7,Afghanistan,12,0.19591218,0.27933839,0.11413119,0.33957621,0.14458053,0.098257817,0.11226726,0.12318742,0.20343594,0.39842713
AM7,Armenia,0,1,1,1,1,1,1,1,1,1,1
AM7,Armenia,1,1,1,1,1,1,1,1,1,1,1
AM7,Armenia,2,0.99824506,0.99796951,1,1,0.9975093,0.99929172,0.99730361,1,1,1
AM7,Armenia,3,0.99702442,0.99671957,0.99850804,1,0.99476767,0.99473751,0.996519805,1,1,1
AM7,Armenia,4,0.9963454,0.99546963,0.997181,0.99883568,0.9932425,0.99117994,0.995736,1,1,1
AM7,Armenia,5,0.99549735,0.99475002,0.99621034,0.99883568,0.99209464,0.98941457,0.99345577,1,1,1
AM7,Armenia,6,0.99391407,0.993604,0.99883568,0.99883568,0.98853874,0.98475701,0.99345577,1,1,1
AM7,Armenia,7,0.99342495,0.99260229,0.99420989,0.99883568,0.98744017,0.98219448,0.99883568,1,1,1
AM7,Armenia,8,0.99309552,0.99192762,0.99420989,0.99822825,0.9867003,0.98046869,0.99035865,0.99723446,0.9985202,0.9990021
AM7,Armenia,9,0.93612713,0.90531373,0.96553087,0.97027129,0.89358491,0.83237851,0.9350912,0.95426881,0.986759605,0.98123962
AM7,Armenia,10,0.93004781,0.89713657,0.96145338,0.9681766,0.8825407,0.80942154,0.93286186,0.95063972,0.97499901,0.97851062
AM7,Armenia,11,0.60396278,0.521267,0.68287551,0.73084289,0.44587499,0.32050404,0.54796612,0.60279536,0.73676234,0.81109005
AM7,Armenia,12,0.56039691,0.46176341,0.65451831,0.69714934,0.39000857,0.28138056,0.48508525,0.55852669,0.69809312,0.78121448
AO7,Angola,0,1,1,1,1,1,1,1,1,1,1
AO7,Angola,1,0.85393929,0.91705751,0.80544406,0.92611986,0.67212999,0.61875302,0.70219767,0.88206297,0.9492836,0.98175937
AO7,Angola,2,0.84112179,0.91107625,0.7873742,0.92038226,0.64147973,0.57556617,0.68169403,0.87260854,0.94452965,0.98133659
AO7,Angola,3,0.81127334,0.89501023,0.74693626,0.90497071,0.5752672,0.50685066,0.61886513,0.84614807,0.92921877,0.98014617
AO7,Angola,4,0.7666111,0.86318141,0.69241375,0.88021576,0.48046243,0.41024446,0.528175,0.80237216,0.90696108,0.97539586
AO7,Angola,5,0.70502341,0.80965185,0.6246348,0.83602548,0.37505391,0.30055207,0.41830304,0.72542048,0.86972332,0.96454012
AO7,Angola,6,0.64374077,0.75409079,0.55895609,0.78628045,0.28471014,0.22075139,0.31780967,0.63860279,0.82493711,0.94642371
AO7,Angola,7,0.57180929,0.68059403,0.48822728,0.7165274,0.20729159,0.14363113,0.2279081,0.53529948,0.7486195,0.91914785
AO7,Angola,8,0.49747473,0.60499805,0.41486192,0.63454223,0.15222752,0.096131258,0.16265382,0.41008997,0.64565361,0.89056128
AO7,Angola,9,0.42016459,0.51527953,0.34708545,0.54388428,0.10853793,0.061633334,0.10475527,0.29514834,0.53901726,0.83278728
AO7,Angola,10,0.33237246,0.40734687,0.27476782,0.43673101,0.069512963,0.041796613,0.053182758,0.19999771,0.3999331,0.73405534
AO7,Angola,11,0.26465544,0.32115644,0.22124441,0.35222098,0.044094402,0.021871788,0.030351182,0.12332693,0.29043189,0.65356147
AO7,Angola,12,0.21381624,0.26170254,0.1770241,0.28722957,0.028901976,0.013248032,0.018671699,0.080889143,0.21396466,0.56836516
BD6,Bangladesh,0,1,1,1,1,1,1,1,1,1,1
BD6,Bangladesh,1,0.88192421,0.87946188,0.88368815,0.90937817,0.86998224,0.70804298,0.86255097,0.90699941,0.92976701,0.95905274
BD6,Bangladesh,2,0.86948729,0.86355144,0.87373972,0.89830279,0.85695308,0.68719906,0.84421813,0.89429408,0.92040771,0.95486641
BD6,Bangladesh,3,0.83520043,0.82297033,0.84396213,0.87443167,0.81813562,0.60650361,0.80393529,0.86842602,0.89751089,0.9416638
BD6,Bangladesh,4,0.79670894,0.78289127,0.80660796,0.84707695,0.77479982,0.52710634,0.74579865,0.8349607,0.8788538,0.92596626
BD6,Bangladesh,5,0.73127073,0.71495956,0.74295604,0.79221499,0.70476109,0.42474186,0.65609938,0.76314527,0.82933694,0.89762151
BD6,Bangladesh,6,0.59116632,0.56191564,0.61212152,0.66553241,0.55881846,0.24870855,0.46588984,0.60767317,0.70454091,0.82292825
BD6,Bangladesh,7,0.5297336,0.51101589,0.54314309,0.60855061,0.49544969,0.19905935,0.38380823,0.53017324,0.64272505,0.78350818
BD6,Bangladesh,8,0.4627794,0.4562768,0.46743789,0.54535246,0.42686164,0.14770794,0.30704233,0.44656584,0.57141328,0.73134357
BD6,Bangladesh,9,0.37133396,0.37158298,0.37115559,0.45972732,0.33288449,0.094943605,0.21838127,0.34788126,0.44815522,0.64565217
BD6,Bangladesh,10,0.25145689,0.28198937,0.2295834,0.35274404,0.20739886,0.050287925,0.1177295,0.19977649,0.29291117,0.51268119
BD6,Bangladesh,11,0.16038197,0.19016577,0.13904485,0.24326582,0.12432904,0.027595455,0.060212389,0.10731679,0.18350382,0.3627072
BD6,Bangladesh,12,0.15719825,0.18573633,0.13675359,0.23903392,0.12160127,0.026657311,0.058747943,0.10224327,0.18176551,0.35671946
BF6,Burkina Faso,0,1,1,1,1,1,1,1,1,1,1
BF6,Burkina Faso,1,0.36037177,0.46426976,0.28666404,0.70758319,0.1969423,0.11522282,0.1619266,0.19529629,0.31723547,0.73277515
BF6,Burkina Faso,2,0.35037732,0.45313579,0.27747804,0.70054942,0.18555431,0.11004988,0.15154789,0.18167488,0.30356511,0.72543639
BF6,Burkina Faso,3,0.32901368,0.4288964,0.25815454,0.67465889,0.16632144,0.094518103,0.13269617,0.15894891,0.28410327,0.69933283
BF6,Burkina Faso,4,0.301397,0.39456007,0.23530494,0.63750809,0.14319238,0.074925728,0.11127899,0.13145338,0.25159422,0.667225
BF6,Burkina Faso,5,0.27768266,0.36339623,0.21687543,0.59952861,0.12619255,0.061469845,0.095554158,0.11458931,0.22501935,0.6312511
BF6,Burkina Faso,6,0.22552055,0.30455464,0.16945194,0.52448601,0.084800079,0.038123269,0.059707213,0.072959714,0.15993938,0.55716199
BF6,Burkina Faso,7,0.17827226,0.24134961,0.1335237,0.43478724,0.057532854,0.021654978,0.036096424,0.045263465,0.10481513,0.47349927
BF6,Burkina Faso,8,0.15968212,0.22062436,0.11644826,0.40047327,0.046343781,0.015961118,0.026995787,0.034273297,0.087779574,0.43706164
BF6,Burkina Faso,9,0.13830808,0.19310249,0.099435635,0.35562041,0.036021031,0.012578661,0.02100309,0.026719712,0.065419175,0.38953015
BF6,Burkina Faso,10,0.094099835,0.13867353,0.062478207,0.25105253,0.020223545,0.004943925,0.007888589,0.012679106,0.032968365,0.28181976
BF6,Burkina Faso,11,0.072832152,0.11052923,0.04608896,0.19939351,0.0132608,0.002237111,0.005078992,0.008579338,0.020392921,0.22369578
BF6,Burkina Faso,12,0.057771754,0.088716194,0.035819039,0.16264674,0.008407985,0.000899018,0.003124261,0.006424681,0.011932148,0.18147022
BJ6,Benin,0,1,1,1,1,1,1,1,1,1,1
BJ6,Benin,1,0.53786111,0.70077103,0.42180628,0.69721061,0.38228205,0.20920449,0.32513142,0.43752992,0.64321542,0.83654457
BJ6,Benin,2,0.53043079,0.6907106,0.41624963,0.68865103,0.37595427,0.19924743,0.32034343,0.43011093,0.63412207,0.83019793
BJ6,Benin,3,0.50808382,0.66834646,0.39391488,0.6650216,0.35485935,0.17588858,0.30357167,0.40927044,0.60730523,0.80751914
BJ6,Benin,4,0.47129053,0.63027304,0.35803348,0.63044345,0.31590331,0.15036982,0.26673514,0.36095813,0.56483865,0.77702075
BJ6,Benin,5,0.43202856,0.58827877,0.32071796,0.58894962,0.2788204,0.11936794,0.22880247,0.31924787,0.51589316,0.74194336
BJ6,Benin,6,0.38365555,0.53340888,0.27697325,0.53557366,0.23533197,0.0966653,0.18084592,0.2621544,0.45716769,0.69352132
BJ6,Benin,7,0.33489907,0.47928113,0.23204319,0.48126978,0.19199164,0.07138218,0.14231235,0.22004411,0.3812401,0.64300942
BJ6,Benin,8,0.31173313,0.4512926,0.21231279,0.4548772,0.17197599,0.060356535,0.12876894,0.19298258,0.35126325,0.61527711
BJ6,Benin,9,0.28162661,0.41700089,0.18518776,0.41655955,0.14988631,0.053149417,0.11088391,0.16494985,0.31110117,0.57158303
BJ6,Benin,10,0.23253782,0.35513362,0.14520222,0.35193512,0.11596558,0.040414471,0.075567588,0.12517539,0.24317957,0.50271547
BJ6,Benin,11,0.17964682,0.283719,0.1055072,0.28823778,0.073625259,0.019856637,0.046270847,0.077007353,0.18171354,0.42080668
BJ6,Benin,12,0.15836297,0.25118703,0.092236355,0.26096043,0.058193058,0.012474935,0.033121035,0.058026981,0.14999031,0.39365742
BO5,Bolivia,0,1,1,1,1,1,1,1,1,1,1
BO5,Bolivia,1,0.98354572,0.99048346,0.97712117,0.99158829,0.96458113,0.9423151,0.97757173,0.99032593,0.99524039,0.99207181
BO5,Bolivia,2,0.97476774,0.98686957,0.96356112,0.98636001,0.94743305,0.92016053,0.96849519,0.97699249,0.98966956,0.99159956
BO5,Bolivia,3,0.95221853,0.97459716,0.93149531,0.97447336,0.89974147,0.84580219,0.93676466,0.95201451,0.98250765,0.98982143
BO5,Bolivia,4,0.91561764,0.94994509,0.88382965,0.95565301,0.82121402,0.73405141,0.8680591,0.92514938,0.96510029,0.98703396
BO5,Bolivia,5,0.88166386,0.9228723,0.84350377,0.93637854,0.75264597,0.63844401,0.81942958,0.88946998,0.94620448,0.98260289
BO5,Bolivia,6,0.81065238,0.86237884,0.76275229,0.89867234,0.60310012,0.46034357,0.68442428,0.81838423,0.91235828,0.97364384
BO5,Bolivia,7,0.77051938,0.82741511,0.71783245,0.87245542,0.53015286,0.38555074,0.60801244,0.77294034,0.88699728,0.96547222
BO5,Bolivia,8,0.74122316,0.79867667,0.68801975,0.84966075,0.485526,0.34198621,0.55800307,0.73375303,0.86098433,0.96283108
BO5,Bolivia,9,0.68688041,0.74317306,0.63475204,0.81032151,0.39580485,0.24333243,0.47509819,0.66358811,0.82065004,0.95093846
BO5,Bolivia,10,0.6471563,0.70432723,0.59421462,0.77269077,0.35114449,0.20449296,0.41792256,0.60427576,0.78115493,0.93912566
BO5,Bolivia,11,0.59805375,0.65234131,0.54778212,0.72189212,0.3060413,0.16610755,0.3692582,0.52233803,0.72362792,0.92170262
BO5,Bolivia,12,0.55771595,0.60690361,0.51216704,0.68021393,0.26886424,0.1392476,0.31772527,0.46940243,0.6808359,0.89484543
BU6,Burundi,0,1,1,1,1,1,1,1,1,1,1
BU6,Burundi,1,0.63824505,0.71939331,0.56957251,0.88539577,0.6004045,0.44222981,0.53429461,0.59003788,0.74472576,0.85349917
BU6,Burundi,2,0.6023072,0.69054049,0.52763891,0.86943716,0.56140769,0.3984344,0.49370381,0.57175946,0.69958496,0.82210582
BU6,Burundi,3,0.54539931,0.63309693,0.47118434,0.83881932,0.50047457,0.34290698,0.42067739,0.49025738,0.65419149,0.78774667
BU6,Burundi,4,0.47426882,0.55620068,0.40493324,0.80078763,0.42427647,0.26143977,0.34185264,0.40903255,0.56936842,0.74960303
BU6,Burundi,5,0.38963109,0.4704468,0.32124004,0.73824441,0.33625588,0.17892025,0.25324807,0.31754482,0.46740028,0.68436694
BU6,Burundi,6,0.22830439,0.2879658,0.17781536,0.57299113,0.17553036,0.062908053,0.094385989,0.14777385,0.28975067,0.50045693
BU6,Burundi,7,0.19605899,0.24946186,0.1508663,0.54206222,0.14308338,0.052947983,0.069013886,0.1232753,0.23173653,0.45641866
BU6,Burundi,8,0.16960894,0.217944,0.12870494,0.5018782,0.1187361,0.043264322,0.057033546,0.096291371,0.18990859,0.41469035
BU6,Burundi,9,0.14359751,0.18573186,0.10794095,0.46420786,0.094509758,0.033795718,0.040667925,0.071499117,0.14147131,0.38169253
BU6,Burundi,10,0.11105502,0.14406203,0.083122566,0.39146751,0.068121843,0.015673753,0.029901491,0.04883175,0.095591635,0.32033628
BU6,Burundi,11,0.09426225,0.12103155,0.071608506,0.35033613,0.055055488,0.014265903,0.01948094,0.033707928,0.078451693,0.28389293
BU6,Burundi,12,0.078693636,0.09816274,0.062217757,0.31682631,0.04223381,0.002675851,0.015516574,0.024108898,0.060911991,0.25184155
CD6,Congo DR,0,1,1,1,1,1,1,1,1,1,1
CD6,Congo DR,1,0.89513534,0.94879836,0.85255933,0.97350365,0.84570003,0.79625601,0.85191929,0.88951969,0.92730439,0.98575419
CD6,Congo DR,2,0.8802458,0.93964463,0.83311898,0.96783781,0.82499212,0.76780385,0.82951242,0.87634909,0.91985267,0.98030472
CD6,Congo DR,3,0.84957045,0.92455733,0.7900762,0.95676732,0.78195,0.72094262,0.77859235,0.83847123,0.89935458,0.97590762
CD6,Congo DR,4,0.80193818,0.89952081,0.72451651,0.93984365,0.71494645,0.63323921,0.71975797,0.78627628,0.86230218,0.96365327
CD6,Congo DR,5,0.75378841,0.86655927,0.66431653,0.91620982,0.6513319,0.55957603,0.6500349,0.73066032,0.82121658,0.95270765
CD6,Congo DR,6,0.68036741,0.82175958,0.56818748,0.87683541,0.55643398,0.46227038,0.56060231,0.63589942,0.74798119,0.92676979
CD6,Congo DR,7,0.59673762,0.75019813,0.4749828,0.81328768,0.46013638,0.36261809,0.4506689,0.54357576,0.66458929,0.88292509
CD6,Congo DR,8,0.53023887,0.68344796,0.40868345,0.76299977,0.38341165,0.29209211,0.37308511,0.4567973,0.59556872,0.84583014
CD6,Congo DR,9,0.4559826,0.60353166,0.33891788,0.68900925,0.3089878,0.23351532,0.29456708,0.36714742,0.50806278,0.7847901
CD6,Congo DR,10,0.38467243,0.52065313,0.27678591,0.61323208,0.24049538,0.16798438,0.23654112,0.29504505,0.40709326,0.72202033
CD6,Congo DR,11,0.31462148,0.43327391,0.22048312,0.5246821,0.18211374,0.12258019,0.18301052,0.22018717,0.32726297,0.63094664
CD6,Congo DR,12,0.24677132,0.33663905,0.17547061,0.42932776,0.13161343,0.078845061,0.13442798,0.1560528,0.23658878,0.54387826
CG6,Congo,0,1,1,1,1,1,1,1,1,1,1
CG6,Congo,1,0.9527117,0.96308553,0.94506198,0.96531731,0.91661197,0.87748504,0.94277579,0.97357506,0.96240145,1
CG6,Congo,2,0.94536793,0.95850855,0.93567789,0.9612233,0.89996147,0.85207158,0.92778999,0.97076738,0.95938438,0.9735226
CG6,Congo,3,0.92698365,0.94292921,0.91522533,0.94856697,0.86517376,0.80509633,0.8984412,0.95881623,0.94869018,0.96566141
CG6,Congo,4,0.89818466,0.9182691,0.88337439,0.93007034,0.80687112,0.73002088,0.85575569,0.93270385,0.93650919,0.95361722
CG6,Congo,5,0.86945039,0.89196789,0.85284603,0.90908825,0.75593662,0.66261166,0.80678082,0.90893453,0.92049205,0.94431102
CG6,Congo,6,0.79889196,0.82426703,0.78018045,0.8570649,0.63229764,0.52303571,0.7022478,0.82623225,0.8761692,0.92268133
CG6,Congo,7,0.72188866,0.75593871,0.69678026,0.79540926,0.51134181,0.40197369,0.58606273,0.74985939,0.81552356,0.88302851
CG6,Congo,8,0.62214643,0.66902131,0.58758098,0.70198804,0.39349768,0.28185245,0.45225739,0.61419529,0.7264908,0.84364194
CG6,Congo,9,0.52146733,0.58273327,0.47628984,0.6023429,0.28985748,0.19008684,0.33465752,0.49528518,0.60403252,0.79196656
CG6,Congo,10,0.37341565,0.43590122,0.32733884,0.44624209,0.16485675,0.086025737,0.1745972,0.31829605,0.43340322,0.67985314
CG6,Congo,11,0.28190789,0.32937843,0.24690318,0.34763965,0.093666732,0.046171606,0.10701149,0.19923235,0.33179963,0.57700562
CG6,Congo,12,0.23748694,0.27793705,0.20765907,0.2962437,0.069220625,0.035872519,0.074220039,0.152431,0.27134228,0.52366322
CI6,Cote d'Ivoire,0,1,1,1,1,1,1,1,1,1,1
CI6,Cote d'Ivoire,1,0.56618196,0.65911609,0.48213181,0.67867857,0.43574229,0.33221504,0.45269164,0.53843087,0.59034598,0.78732073
CI6,Cote d'Ivoire,2,0.55660868,0.64725524,0.47462744,0.67394501,0.42055738,0.31427899,0.43926334,0.52654099,0.58409089,0.78441846
CI6,Cote d'Ivoire,3,0.53092623,0.61962199,0.45070934,0.66142195,0.37961671,0.26689154,0.39737275,0.50319237,0.56436992,0.77574825
CI6,Cote d'Ivoire,4,0.48913029,0.57343072,0.41288856,0.62579429,0.33066869,0.22375235,0.33725318,0.44576523,0.5319469,0.74882948
CI6,Cote d'Ivoire,5,0.44966564,0.53663737,0.37100798,0.59495336,0.28120485,0.16892073,0.29395029,0.40158528,0.49897045,0.71976578
CI6,Cote d'Ivoire,6,0.3963142,0.48609394,0.31511697,0.5447883,0.22415882,0.12995602,0.21921501,0.33533704,0.44727439,0.67709929
CI6,Cote d'Ivoire,7,0.30956873,0.40373477,0.2244045,0.45674971,0.13891274,0.07820601,0.12084023,0.24253465,0.34275284,0.59319836
CI6,Cote d'Ivoire,8,0.29351017,0.38372555,0.21191896,0.44086581,0.12265168,0.058224898,0.11091503,0.22725558,0.32709599,0.57533163
CI6,Cote d'Ivoire,9,0.27490926,0.36269894,0.19551185,0.41651595,0.11071665,0.051798325,0.09669967,0.21253082,0.30242509,0.54840767
CI6,Cote d'Ivoire,10,0.24391241,0.32041407,0.17472397,0.37718701,0.089380853,0.035148289,0.075435892,0.18170819,0.26205012,0.51009613
CI6,Cote d'Ivoire,11,0.18071289,0.23780014,0.12908296,0.2915177,0.052235018,0.01264717,0.044899993,0.1109726,0.1862258,0.41723996
CI6,Cote d'Ivoire,12,0.15869327,0.21051729,0.11182341,0.25953978,0.041761983,0.010388227,0.0345378,0.084764495,0.15292957,0.38799554
CM6,Cameroon,0,1,1,1,1,1,1,1,1,1,1
CM6,Cameroon,1,0.85353148,0.91542923,0.80222398,0.94049776,0.73023403,0.50387943,0.77013373,0.88200849,0.94343579,0.98361588
CM6,Cameroon,2,0.84332752,0.90686107,0.7906642,0.93656933,0.71113282,0.46906739,0.7543506,0.87189126,0.94070148,0.98268938
CM6,Cameroon,3,0.81774986,0.88443708,0.76247251,0.92574537,0.6646381,0.39210382,0.7092219,0.84278077,0.9339968,0.98027474
CM6,Cameroon,4,0.79264569,0.85983664,0.73695081,0.9122926,0.62301493,0.33743969,0.66420394,0.81512135,0.91924554,0.97378492
CM6,Cameroon,5,0.75825363,0.82443303,0.70339727,0.89102352,0.57001764,0.28366506,0.60327321,0.76424956,0.89362466,0.96643722
CM6,Cameroon,6,0.68509692,0.7540859,0.62791169,0.83558065,0.47174692,0.18534905,0.49664333,0.65130669,0.82800424,0.94276297
CM6,Cameroon,7,0.52461582,0.59420127,0.46693608,0.69561386,0.28218132,0.11233366,0.2792868,0.39740103,0.65123934,0.84022832
CM6,Cameroon,8,0.48240727,0.5521245,0.42461833,0.65250701,0.24124642,0.090559185,0.23156098,0.35048145,0.59269893,0.8069697
CM6,Cameroon,9,0.42896229,0.49281818,0.37603191,0.59675187,0.19107664,0.066285811,0.16692965,0.29641694,0.52038187,0.76047277
CM6,Cameroon,10,0.33192497,0.39082682,0.28310102,0.48241955,0.11855952,0.033557445,0.095025167,0.18640229,0.38344857,0.65864223
CM6,Cameroon,11,0.26341233,0.31430987,0.22122321,0.39143601,0.081905268,0.019597573,0.056754287,0.13099229,0.28412977,0.56353652
CM6,Cameroon,12,0.18835987,0.22809185,0.15542598,0.28875691,0.046020858,0.010948036,0.023888692,0.073751792,0.18115479,0.44418606
CO7,Colombia,0,1,1,1,1,1,1,1,1,1,1
CO7,Colombia,1,0.98551673,0.98128736,0.98931879,0.99170965,0.95984143,0.95418096,0.98178023,0.99307829,0.99418443,0.99773431
CO7,Colombia,2,0.97971821,0.9744314,0.98446894,0.98913634,0.94067204,0.93113238,0.97666776,0.98974001,0.99376023,0.99700552
CO7,Colombia,3,0.97079724,0.96451122,0.97644126,0.98538727,0.9103092,0.89434212,0.96832871,0.98538518,0.99348468,0.99621844
CO7,Colombia,4,0.95601183,0.94566262,0.96530783,0.9781369,0.86428416,0.83888018,0.94942838,0.97844487,0.99253666,0.99602818
CO7,Colombia,5,0.94131029,0.92732394,0.95387393,0.97107887,0.81789362,0.78466946,0.93365169,0.97153687,0.9887287,0.99482316
CO7,Colombia,6,0.88439518,0.86231804,0.90446353,0.93761921,0.66373581,0.61174816,0.86252904,0.92993629,0.97168875,0.98958135
CO7,Colombia,7,0.85755497,0.83128685,0.88144565,0.91716051,0.61043859,0.55623192,0.81247264,0.90845305,0.96297467,0.9862445
CO7,Colombia,8,0.82473946,0.79237854,0.85409635,0.89117873,0.54929125,0.49082401,0.76224399,0.87596601,0.94733238,0.98050839
CO7,Colombia,9,0.79493761,0.75942576,0.82710934,0.86570895,0.50152916,0.44210324,0.71313959,0.84204215,0.93455201,0.97373903
CO7,Colombia,10,0.76068687,0.72269446,0.79506451,0.83456236,0.45440909,0.38767439,0.66644627,0.80003101,0.91201222,0.96575415
CO7,Colombia,11,0.73199826,0.69357139,0.76684618,0.80838442,0.41531178,0.34765771,0.62336266,0.76434439,0.89710283,0.95520973
CO7,Colombia,12,0.43557224,0.37927899,0.48646718,0.50508344,0.14738853,0.1050903,0.26218757,0.3911584,0.60695553,0.76260954
DR6,Dominican Republic,0,1,1,1,1,1,1,1,1,1,1
DR6,Dominican Republic,1,0.96834874,0.95837313,0.9782095,0.97696084,0.94381458,0.90554577,0.96965706,0.98058879,0.99542546,0.99600607
DR6,Dominican Republic,2,0.95612264,0.94663352,0.9655025,0.96570361,0.92882824,0.87032479,0.95933509,0.97250342,0.99072278,0.99555218
DR6,Dominican Republic,3,0.94194663,0.9248476,0.9588486,0.95368212,0.90851432,0.83205128,0.93766713,0.9691422,0.98604882,0.99509829
DR6,Dominican Republic,4,0.92186922,0.89957595,0.94390553,0.93490171,0.88474214,0.78026676,0.91838551,0.9589994,0.97644663,0.98825401
DR6,Dominican Republic,5,0.89698601,0.87072599,0.92294341,0.91485423,0.84608281,0.73466456,0.87718964,0.94287747,0.96284074,0.98393679
DR6,Dominican Republic,6,0.86910933,0.83616102,0.90167797,0.89095592,0.80687249,0.67625284,0.83818012,0.9244743,0.94553077,0.98166066
DR6,Dominican Republic,7,0.84027505,0.80292022,0.87719941,0.8669095,0.76439852,0.6077711,0.80982465,0.89963633,0.93373215,0.97453576
DR6,Dominican Republic,8,0.77938586,0.7374171,0.820871,0.81276029,0.68430835,0.49968061,0.72525054,0.83301902,0.90671611,0.96336454
DR6,Dominican Republic,9,0.70237666,0.64594471,0.75815815,0.73877871,0.59867382,0.38864022,0.62059027,0.73284537,0.86814988,0.93912256
DR6,Dominican Republic,10,0.63760442,0.57470322,0.69978064,0.67260337,0.53789872,0.31913924,0.53189409,0.65517038,0.8174938,0.90499038
DR6,Dominican Republic,11,0.57583588,0.50379723,0.64704424,0.61340475,0.46880886,0.25309178,0.45760977,0.58537233,0.75069952,0.87516379
DR6,Dominican Republic,12,0.51517326,0.43373385,0.59567398,0.55058587,0.414289,0.18798749,0.38694069,0.5264551,0.69595319,0.82273424
ET7,Ethiopia,0,1,1,1,1,1,1,1,1,1,1
ET7,Ethiopia,1,0.69990557,0.81383294,0.60946333,0.92187679,0.63252485,0.41761419,0.61385626,0.659127,0.74553764,0.91417581
ET7,Ethiopia,2,0.6686188,0.77888924,0.5810796,0.91317427,0.59438241,0.37140888,0.56833702,0.62468719,0.71203172,0.90449059
ET7,Ethiopia,3,0.61636293,0.73212498,0.52446419,0.90391535,0.52907461,0.3137396,0.4856841,0.55405855,0.65969902,0.88721138
ET7,Ethiopia,4,0.55668092,0.67101145,0.4659186,0.87734324,0.45934182,0.26183453,0.39774063,0.4780744,0.58573407,0.86199331
ET7,Ethiopia,5,0.4953303,0.603549,0.40941989,0.84150606,0.39024648,0.19490366,0.32376775,0.39912304,0.52634799,0.82198447
ET7,Ethiopia,6,0.44411379,0.53912419,0.368689,0.81281012,0.33219376,0.15468518,0.2557447,0.33499795,0.47229257,0.78569889
ET7,Ethiopia,7,0.39234343,0.48073134,0.32217598,0.77702093,0.27557215,0.11988863,0.19839253,0.26497585,0.41009775,0.74654597
ET7,Ethiopia,8,0.33336094,0.40922898,0.27313253,0.72254789,0.21522082,0.081562519,0.14472482,0.20983061,0.33125988,0.68342084
ET7,Ethiopia,9,0.26798999,0.32191104,0.22518438,0.65689224,0.14993629,0.052252479,0.087374486,0.14197066,0.25408557,0.60163212
ET7,Ethiopia,10,0.23489791,0.27797341,0.20070212,0.61000592,0.12103152,0.037961543,0.060104623,0.11677942,0.21095793,0.55578285
ET7,Ethiopia,11,0.1317112,0.15177082,0.1157868,0.40670645,0.048234709,0.0096388,0.024551079,0.03595103,0.084305421,0.3665286
ET7,Ethiopia,12,0.12266161,0.13984415,0.10902118,0.38239285,0.043818597,0.009057536,0.020317832,0.03181931,0.076985605,0.34509557
GA6,Gabon,0,1,1,1,1,1,1,1,1,1,1
GA6,Gabon,1,0.94453764,0.93556964,0.95152396,0.94387394,0.95027375,0.95342541,0.93394333,0.93104166,0.93307847,1
GA6,Gabon,2,0.9413746,0.9330548,0.94785589,0.94173336,0.93827438,0.94146514,0.93067551,0.92746139,0.93283725,0.97868127
GA6,Gabon,3,0.93274724,0.92873329,0.93587422,0.93478495,0.91513783,0.91491675,0.9252969,0.91676027,0.92636114,0.97830909
GA6,Gabon,4,0.91635263,0.91590643,0.91670024,0.92220104,0.86581111,0.86630017,0.90349841,0.90209657,0.92084312,0.976668595
GA6,Gabon,5,0.89836997,0.90171677,0.89576286,0.90892249,0.80717546,0.80652386,0.87619328,0.89850795,0.90556127,0.9750281
GA6,Gabon,6,0.84547657,0.85071069,0.84139913,0.86229241,0.70015383,0.68510294,0.81165034,0.84591013,0.87727123,0.95251501
GA6,Gabon,7,0.77576011,0.78679204,0.76716602,0.80131239,0.55493689,0.54264653,0.71169871,0.78655684,0.83241409,0.92436391
GA6,Gabon,8,0.70104522,0.72224128,0.68453318,0.73054618,0.44609743,0.42278594,0.60201705,0.70489383,0.78172463,0.89934552
GA6,Gabon,9,0.61035323,0.63291943,0.59277374,0.6416201,0.34014392,0.30737126,0.47717804,0.60894799,0.69717991,0.86176169
GA6,Gabon,10,0.46400136,0.48967287,0.44400275,0.49262887,0.2166018,0.17005239,0.30699328,0.43128565,0.5725832,0.74812216
GA6,Gabon,11,0.34617886,0.38240063,0.31796139,0.37013334,0.13916411,0.089783378,0.20062236,0.29981741,0.44803312,0.61633408
GA6,Gabon,12,0.27850869,0.30559924,0.2574046,0.29951987,0.096929759,0.052578732,0.13241006,0.2342902,0.36127964,0.54777592
GH6,Ghana,0,1,1,1,1,1,1,1,1,1,1
GH6,Ghana,1,0.88016814,0.9149195,0.85151482,0.93622398,0.81013972,0.60240912,0.8189097,0.9190957,0.9507485,1
GH6,Ghana,2,0.8735773,0.91165382,0.84218222,0.93151957,0.8011921,0.5892421,0.80378681,0.91169935,0.94728839,0.9794445
GH6,Ghana,3,0.86011773,0.89925605,0.82784724,0.92464888,0.77950144,0.55540365,0.77918708,0.89838815,0.94060534,0.97795725
GH6,Ghana,4,0.84326982,0.88385421,0.80980712,0.91657007,0.75169885,0.51846159,0.7457462,0.88323599,0.93049008,0.97486818
GH6,Ghana,5,0.82637501,0.86609942,0.79362148,0.90516675,0.72794378,0.49621269,0.70989579,0.86017317,0.91809112,0.97329766
GH6,Ghana,6,0.79345018,0.83345497,0.76046544,0.87373704,0.69315112,0.45614707,0.65578866,0.82105154,0.88461244,0.96323097
GH6,Ghana,7,0.74020612,0.79050446,0.69873416,0.83930027,0.61641186,0.37614948,0.55252719,0.75727105,0.85239857,0.94382286
GH6,Ghana,8,0.6961993,0.75663251,0.64637101,0.80248481,0.56342125,0.32839119,0.48776886,0.68655711,0.81401002,0.93186206
GH6,Ghana,9,0.65835094,0.71314877,0.61316913,0.77119887,0.51737475,0.27737489,0.44062114,0.6294772,0.7839722,0.91623998
GH6,Ghana,10,0.41277781,0.47895849,0.35821053,0.53001046,0.26632398,0.15262194,0.19532962,0.32339621,0.46612337,0.72287577
GH6,Ghana,11,0.39180857,0.45163199,0.34248301,0.5116058,0.2421509,0.12907574,0.17078201,0.30203229,0.4384799,0.71268129
GH6,Ghana,12,0.36604673,0.42035437,0.32126907,0.48676559,0.21523774,0.10224113,0.13872583,0.27395108,0.42149708,0.6844545
GM6,Gambia,0,1,1,1,1,1,1,1,1,1,1
GM6,Gambia,1,0.6519565,0.71293771,0.60095006,0.76097792,0.48792538,0.49982804,0.51654333,0.5838263,0.68967217,1
GM6,Gambia,2,0.65039051,0.71130401,0.59944069,0.7599169,0.48559964,0.49668661,0.51617819,0.57984143,0.68838716,0.84073472
GM6,Gambia,3,0.64274275,0.70457608,0.59102356,0.75419253,0.47505799,0.48478171,0.50665128,0.56943583,0.68236035,0.83726239
GM6,Gambia,4,0.6286909,0.69035316,0.57711482,0.74338293,0.456128,0.45916981,0.49168807,0.55056095,0.67135578,0.8312273
GM6,Gambia,5,0.60630304,0.66926038,0.55364376,0.72557741,0.4268457,0.42710355,0.46640968,0.52067178,0.65216744,0.81870615
GM6,Gambia,6,0.58287722,0.64815372,0.52827817,0.70671237,0.39655796,0.39613512,0.43508065,0.49387985,0.63298362,0.80338126
GM6,Gambia,7,0.53783005,0.60642028,0.48045924,0.66598141,0.34501672,0.34846818,0.37996957,0.43914318,0.58842689,0.77240539
GM6,Gambia,8,0.50659084,0.5713411,0.45243198,0.63628548,0.31145564,0.3095654,0.34875289,0.39867228,0.55525339,0.75352949
GM6,Gambia,9,0.46893248,0.53324467,0.41514003,0.60106963,0.27012238,0.26530483,0.3056089,0.34542701,0.52464813,0.72783417
GM6,Gambia,10,0.35204023,0.40916473,0.30425981,0.46311378,0.18492197,0.18917374,0.20222746,0.24741061,0.37634027,0.59234542
GM6,Gambia,11,0.31000641,0.36311045,0.26558873,0.4141326,0.15334094,0.1539477,0.17157875,0.20319504,0.32512715,0.54837972
GM6,Gambia,12,0.2628184,0.30592212,0.22676529,0.36067659,0.11558364,0.11072862,0.13744323,0.16783835,0.26783001,0.4911105
GN6,Guinea,0,1,1,1,1,1,1,1,1,1,1
GN6,Guinea,1,0.50304878,0.66774982,0.37728047,0.76302069,0.30011737,0.16946943,0.25927082,0.38076738,0.62188375,0.8109594
GN6,Guinea,2,0.49737817,0.66375148,0.3703329,0.75979173,0.29254082,0.15862688,0.25421759,0.3712301,0.61864758,0.80803436
GN6,Guinea,3,0.48710051,0.6519857,0.36119157,0.75256288,0.27988327,0.14627992,0.24212919,0.3595193,0.60615516,0.80239171
GN6,Guinea,4,0.46520168,0.63317448,0.33693504,0.73150134,0.25733086,0.12869306,0.21352759,0.33670625,0.58361882,0.78321999
GN6,Guinea,5,0.44239554,0.60976076,0.31459287,0.70789462,0.23514968,0.11552027,0.19397584,0.30696696,0.55594242,0.76063681
GN6,Guinea,6,0.39406663,0.55211312,0.27337989,0.64343661,0.19941102,0.08823666,0.16336861,0.26129434,0.48910987,0.70233732
GN6,Guinea,7,0.36418337,0.52031726,0.2449571,0.60956389,0.17264187,0.07487873,0.13858604,0.2270276,0.44979739,0.66979241
GN6,Guinea,8,0.34568551,0.49849817,0.22899543,0.59043479,0.15463674,0.065905854,0.11344831,0.20689538,0.43202293,0.65056837
GN6,Guinea,9,0.31388408,0.45823494,0.20365556,0.55305147,0.12719248,0.055521209,0.098290607,0.17232713,0.38182357,0.61215556
GN6,Guinea,10,0.24972177,0.35684177,0.16792326,0.45999977,0.085580908,0.034711581,0.067819253,0.10715382,0.28543034,0.52839941
GN6,Guinea,11,0.21736054,0.31693605,0.14132313,0.4134481,0.064296611,0.030077275,0.042804692,0.082310356,0.24083655,0.4814935
GN6,Guinea,12,0.19134462,0.27402639,0.12820752,0.37112361,0.051010974,0.021403503,0.03101417,0.064828038,0.20202634,0.44219813
GU6,Guatemala,0,1,1,1,1,1,1,1,1,1,1
GU6,Guatemala,1,0.9114517,0.93649542,0.89142686,0.95652789,0.87424052,0.76508844,0.86001968,0.93361139,0.97328001,0.98935592
GU6,Guatemala,2,0.88254541,0.91716695,0.85486227,0.94272834,0.83286345,0.70052469,0.81307167,0.90426552,0.96097839,0.98788887
GU6,Guatemala,3,0.83205807,0.87468451,0.79797423,0.9139536,0.76445192,0.59721637,0.7332446,0.84889442,0.93883097,0.98036528
GU6,Guatemala,4,0.76445913,0.81274831,0.72584736,0.87765396,0.6710149,0.47323748,0.63155133,0.76620543,0.90348655,0.96797711
GU6,Guatemala,5,0.71686244,0.7688328,0.6753071,0.84801996,0.60858965,0.40040025,0.55345929,0.70891517,0.87240332,0.95864356
GU6,Guatemala,6,0.682702,0.73462325,0.64118606,0.82650369,0.56399137,0.34334457,0.50136334,0.6691736,0.84910738,0.95213115
GU6,Guatemala,7,0.51361346,0.55778289,0.47829586,0.70961446,0.35181147,0.14325565,0.25536123,0.44946921,0.6993348,0.89986736
GU6,Guatemala,8,0.48782817,0.52843469,0.4553594,0.6821031,0.32745102,0.12369138,0.23116294,0.41796207,0.66502917,0.88156772
GU6,Guatemala,9,0.45063373,0.48967066,0.41942003,0.63762039,0.29627323,0.10432896,0.1988392,0.37705344,0.60513014,0.8522588
GU6,Guatemala,10,0.35582128,0.37826008,0.33787936,0.53265023,0.20984609,0.047084492,0.11532539,0.26586181,0.47451726,0.76887095
GU6,Guatemala,11,0.33035123,0.3492496,0.3152402,0.49937168,0.19082212,0.037702795,0.098345667,0.2377398,0.43365785,0.74126816
GU6,Guatemala,12,0.256652,0.2661736,0.24903859,0.39449579,0.14285971,0.02411839,0.070270047,0.17786355,0.32670942,0.60173482
HN6,Honduras,0,1,1,1,1,1,1,1,1,1,1
HN6,Honduras,1,0.94966871,0.94076115,0.95786244,0.97520673,0.91975367,0.8589384,0.92170721,0.95740396,0.98572952,0.99598765
HN6,Honduras,2,0.93007368,0.91614109,0.94288975,0.96742427,0.88632149,0.80309606,0.88962245,0.94236803,0.98093128,0.99433696
HN6,Honduras,3,0.89417177,0.87398964,0.91273648,0.95045894,0.82823753,0.7072503,0.83773917,0.90875095,0.96825719,0.99000299
HN6,Honduras,4,0.84268451,0.81896263,0.86450529,0.92325306,0.74830723,0.58569103,0.7506249,0.86374861,0.94524819,0.98464084
HN6,Honduras,5,0.8053844,0.78125817,0.82757711,0.90492463,0.68878388,0.49705288,0.69534314,0.82149547,0.93316305,0.97861379
HN6,Honduras,6,0.76972508,0.74886584,0.78891259,0.88224053,0.63792551,0.42852259,0.63780969,0.77895081,0.91532207,0.97294402
HN6,Honduras,7,0.50370234,0.46109566,0.54289436,0.68029231,0.2968463,0.10418712,0.26286975,0.43470395,0.67106003,0.88294786
HN6,Honduras,8,0.47711188,0.43477494,0.51605576,0.64670402,0.27845299,0.091276743,0.24231757,0.39629656,0.63063157,0.86511487
HN6,Honduras,9,0.44441611,0.40377337,0.48180151,0.60540068,0.25584,0.083009057,0.21793655,0.35681379,0.5779956,0.83322585
HN6,Honduras,10,0.3830626,0.34139314,0.42139241,0.53380489,0.2064842,0.064023867,0.1646938,0.28328636,0.48457789,0.77630156
HN6,Honduras,11,0.35938936,0.32098439,0.39471635,0.50297922,0.19118936,0.055055801,0.14810622,0.26181179,0.44896936,0.74599355
HN6,Honduras,12,0.30154189,0.2728557,0.32792899,0.42554566,0.15628488,0.04542065,0.11290069,0.2078864,0.36699575,0.6551578
HT6,Haiti,0,1,1,1,1,1,1,1,1,1,1
HT6,Haiti,1,0.93035173,0.93955672,0.92216599,0.96783781,0.89303184,0.79268849,0.88438618,0.93536985,0.96388662,0.99051219
HT6,Haiti,2,0.90908259,0.92096317,0.89851767,0.95845056,0.85993356,0.73769635,0.84763479,0.9142918,0.9523322,0.98596358
HT6,Haiti,3,0.8748734,0.88890672,0.86239409,0.9386062,0.8114233,0.65593696,0.793953,0.87850481,0.93047488,0.97662884
HT6,Haiti,4,0.83240098,0.8432461,0.82275683,0.91280919,0.7523495,0.55337441,0.72453672,0.83797002,0.90461272,0.962937
HT6,Haiti,5,0.78303599,0.79976952,0.76815552,0.88391483,0.68260461,0.44676715,0.64547944,0.7821362,0.87219298,0.94900405
HT6,Haiti,6,0.68718189,0.70912755,0.66766644,0.81436557,0.56056231,0.31783733,0.49711862,0.65928614,0.78725994,0.91240913
HT6,Haiti,7,0.61551303,0.64150769,0.59239703,0.76301283,0.46866751,0.22546837,0.40014449,0.5692966,0.71386081,0.8823356
HT6,Haiti,8,0.55745929,0.5840885,0.53377903,0.71771252,0.39791694,0.17651388,0.31550971,0.49182904,0.64891255,0.85768199
HT6,Haiti,9,0.46932411,0.49914539,0.44280523,0.6369344,0.30245733,0.11256828,0.22421765,0.38732389,0.55347741,0.77939105
HT6,Haiti,10,0.38986295,0.42382458,0.35966226,0.55539739,0.22506286,0.069303572,0.15566057,0.28008437,0.45665419,0.71382236
HT6,Haiti,11,0.31582975,0.34841639,0.2868517,0.46448314,0.16783576,0.046420459,0.10316867,0.20093888,0.35547766,0.63091791
HT6,Haiti,12,0.17246254,0.19776857,0.14995882,0.27287909,0.0724914,0.013856096,0.038152624,0.088490099,0.16767308,0.4024882
IA5,India,0,1,1,1,1,1,1,1,1,1,1
IA5,India,1,0.74135321,0.85037571,0.64548588,0.87231046,0.67111224,0.39232889,0.59045368,0.73935544,0.87740612,0.96829379
IA5,India,2,0.73740059,0.84660143,0.6413765,0.87052375,0.66599792,0.38392776,0.58474535,0.73541951,0.87449658,0.9677493
IA5,India,3,0.7222594,0.82942611,0.62802398,0.86032838,0.64820403,0.35779423,0.55960864,0.71930701,0.8628732,0.9654851
IA5,India,4,0.7031908,0.80964428,0.60958242,0.84796381,0.62553948,0.32655111,0.53053594,0.69397706,0.85047412,0.96168345
IA5,India,5,0.67318714,0.77951199,0.57969183,0.82707775,0.59064549,0.28626031,0.48023424,0.65664929,0.82647377,0.95542169
IA5,India,6,0.60726553,0.71570802,0.51190811,0.77283645,0.51845896,0.21464914,0.39179885,0.57141227,0.75558513,0.93337452
IA5,India,7,0.57453424,0.67914164,0.48254907,0.74304909,0.48414862,0.18861979,0.35040244,0.52542812,0.71699506,0.92048955
IA5,India,8,0.51736289,0.61924648,0.427773,0.68676805,0.42649981,0.14642377,0.28955239,0.44802433,0.64399666,0.8896029
IA5,India,9,0.43948323,0.532682,0.35753018,0.61196637,0.34696922,0.095782846,0.20989542,0.34920415,0.54370815,0.83521229
IA5,India,10,0.33896971,0.40615335,0.27989271,0.5068264,0.24893723,0.048110411,0.12013475,0.23016778,0.4052093,0.74392098
IA5,India,11,0.23894005,0.29277787,0.19159849,0.38647544,0.15980719,0.025682347,0.067596681,0.13638367,0.25795317,0.59407258
IA5,India,12,0.21418385,0.25911242,0.17467652,0.35716844,0.13749193,0.019520218,0.053893115,0.11010971,0.22462976,0.55758673
ID6,Indonesia,0,1,1,1,1,1,1,1,1,1,1
ID6,Indonesia,1,0.98324013,0.98600227,0.98071289,0.99387211,0.97107559,0.93583602,0.98456377,0.99571419,0.99658829,0.99871397
ID6,Indonesia,2,0.97888917,0.98179084,0.9762342,0.99152064,0.96443695,0.92291504,0.97980762,0.9927423,0.99491775,0.99851161
ID6,Indonesia,3,0.96989644,0.97145438,0.96847051,0.98737651,0.94989669,0.89697152,0.97134918,0.98524725,0.99115074,0.99781001
ID6,Indonesia,4,0.958332,0.95835161,0.95831329,0.98166925,0.93163091,0.8650201,0.95815921,0.97574723,0.98881799,0.99506122
ID6,Indonesia,5,0.94347531,0.94256055,0.94431102,0.97517473,0.90720659,0.82536519,0.94170302,0.96402103,0.98358577,0.9915849
ID6,Indonesia,6,0.92725897,0.92438895,0.92988306,0.96518904,0.88386142,0.78989464,0.91903025,0.95181239,0.97449881,0.98816597
ID6,Indonesia,7,0.74434483,0.74699062,0.74191922,0.84832716,0.6253739,0.4646014,0.65271407,0.77128392,0.86534876,0.94414908
ID6,Indonesia,8,0.73111469,0.72940314,0.73267502,0.84012616,0.6063897,0.43958989,0.63231814,0.76114869,0.85810328,0.93957442
ID6,Indonesia,9,0.7167238,0.7114743,0.72152054,0.82864082,0.58867431,0.4162488,0.61577964,0.74878365,0.84774494,0.92929602
ID6,Indonesia,10,0.50669628,0.51457644,0.49947712,0.64832878,0.34464794,0.21380019,0.3497121,0.48553842,0.63850784,0.82816911
ID6,Indonesia,11,0.49773738,0.50408369,0.49192128,0.63931745,0.33574906,0.20346317,0.33871689,0.47611839,0.63107884,0.8214736
ID6,Indonesia,12,0.48962834,0.49538493,0.48435158,0.6324783,0.32618713,0.19338588,0.32758132,0.46815917,0.62442112,0.81660974
JO6,Jordan,0,1,1,1,1,1,1,1,1,1,1
JO6,Jordan,1,0.98524195,0.9946987,0.975169,0.9849543,0.9866218,0.96852505,0.99200666,0.99646616,0.99786031,0.97103047
JO6,Jordan,2,0.98359275,0.99410969,0.97239071,0.98309243,0.98599315,0.96640229,0.99112642,0.99577701,0.99767083,0.96684194
JO6,Jordan,3,0.98231256,0.99291128,0.97102344,0.98204958,0.98357409,0.96384567,0.98949271,0.99515015,0.9975512,0.96527976
JO6,Jordan,4,0.97978777,0.99011678,0.968786,0.97955066,0.98092532,0.95498961,0.98647273,0.99492455,0.9967252,0.96481574
JO6,Jordan,5,0.97346282,0.98489231,0.96128881,0.97258836,0.97765833,0.93695652,0.97841352,0.99086463,0.99611974,0.96247917
JO6,Jordan,6,0.9663794,0.97639084,0.95571566,0.96608442,0.96779442,0.91928005,0.96453369,0.98836303,0.99374634,0.96193027
JO6,Jordan,7,0.94617778,0.95799559,0.93358999,0.94439465,0.954732,0.88690901,0.93452674,0.97005075,0.98383451,0.94963288
JO6,Jordan,8,0.92634696,0.93527621,0.91683614,0.92389727,0.93809968,0.83602333,0.91472602,0.95387977,0.9736433,0.94338745
JO6,Jordan,9,0.90523517,0.91088504,0.89921731,0.90183425,0.92155123,0.79674089,0.88501221,0.92755544,0.96289957,0.94047964
JO6,Jordan,10,0.86641294,0.86758983,0.86515951,0.86068147,0.89390987,0.72491688,0.83319724,0.88747191,0.93444151,0.93265551
JO6,Jordan,11,0.78046024,0.75931209,0.80298597,0.7713002,0.82440567,0.58734697,0.71036929,0.80647641,0.86844677,0.90061378
JO6,Jordan,12,0.57590699,0.53086817,0.62387949,0.58383363,0.53787839,0.31912524,0.43959466,0.57151145,0.69514102,0.80880159
KE6,Kenya,0,1,1,1,1,1,1,1,1,1,1
KE6,Kenya,1,0.95077997,0.96952724,0.93450361,0.97994322,0.92407632,0.75369126,0.96772981,0.9789654,0.98672765,0.98896247
KE6,Kenya,2,0.9473955,0.96640944,0.93088764,0.97891057,0.91853839,0.74408674,0.96026385,0.97652465,0.98577642,0.98840052
KE6,Kenya,3,0.93872738,0.95791775,0.92206639,0.97509062,0.90543097,0.71563613,0.94817328,0.96933115,0.98171359,0.98665619
KE6,Kenya,4,0.92707539,0.94356769,0.91275674,0.96915495,0.88854468,0.68402255,0.92981017,0.95979351,0.97324443,0.9847939
KE6,Kenya,5,0.90964699,0.92529011,0.89606571,0.95930582,0.86417633,0.64711469,0.90070289,0.9416182,0.96299988,0.97831255
KE6,Kenya,6,0.887052,0.90345424,0.87281168,0.94947892,0.82989001,0.59509492,0.85498458,0.9200502,0.94998902,0.97523189
KE6,Kenya,7,0.84358996,0.86393517,0.82592624,0.9264676,0.76770192,0.51366431,0.77724218,0.86832321,0.92053056,0.96441191
KE6,Kenya,8,0.77373093,0.80212104,0.74908274,0.8887139,0.66844535,0.39523876,0.64664817,0.78034276,0.87784195,0.943367
KE6,Kenya,9,0.52406251,0.56590366,0.48773625,0.65373117,0.40532979,0.17818844,0.32811794,0.47657716,0.60193008,0.77635175
KE6,Kenya,10,0.4942112,0.53773254,0.45642608,0.62882894,0.37094668,0.15467884,0.28996453,0.43127617,0.57385689,0.75680894
KE6,Kenya,11,0.44182429,0.49003074,0.39997163,0.57938391,0.31586596,0.11660968,0.23130755,0.36201242,0.51998907,0.71328998
KE6,Kenya,12,0.39876607,0.44066352,0.36239094,0.54170859,0.26787889,0.088880785,0.18389411,0.30719626,0.47098503,0.67797166
KH6,Cambodia,0,1,1,1,1,1,1,1,1,1,1
KH6,Cambodia,1,0.92524141,0.93871009,0.91197479,0.97631454,0.91325259,0.81534016,0.87736475,0.94786412,0.97100466,0.98269153
KH6,Cambodia,2,0.90601426,0.92053366,0.89171273,0.97007734,0.89097625,0.77513885,0.84940988,0.92739439,0.96121484,0.97804964
KH6,Cambodia,3,0.85809422,0.87936836,0.83713937,0.95110625,0.8362608,0.67723548,0.77669775,0.87609005,0.93773901,0.96653932
KH6,Cambodia,4,0.79114169,0.81562686,0.76702392,0.92717481,0.75920963,0.55512691,0.68848205,0.80307764,0.88960332,0.94403446
KH6,Cambodia,5,0.72735238,0.75158447,0.70348394,0.89537823,0.68791044,0.44600904,0.60365427,0.72840601,0.84578878,0.92039877
KH6,Cambodia,6,0.64018679,0.6708287,0.61000466,0.83957356,0.59338325,0.35313693,0.48873761,0.61321229,0.76428056,0.87590778
KH6,Cambodia,7,0.51810926,0.55208957,0.48463887,0.76552755,0.460031,0.23253599,0.35272613,0.46573299,0.63169563,0.79263067
KH6,Cambodia,8,0.42187566,0.45626047,0.38800684,0.69676262,0.35734946,0.15806086,0.24250858,0.35781199,0.52322453,0.71096116
KH6,Cambodia,9,0.33300221,0.36627942,0.30022436,0.60646528,0.26881021,0.10188529,0.16198039,0.26232374,0.41863045,0.61105371
KH6,Cambodia,10,0.25331908,0.28933546,0.21784316,0.53386676,0.18746404,0.062761508,0.092430569,0.17115608,0.31425691,0.52490008
KH6,Cambodia,11,0.22233503,0.25304812,0.19208281,0.49937537,0.15730329,0.046378415,0.078322552,0.1392414,0.26487121,0.48722151
KH6,Cambodia,12,0.18284221,0.20138708,0.16457559,0.44810921,0.12057412,0.030803021,0.053562865,0.098804668,0.21356335,0.43036273
KM6,Comoros,0,1,1,1,1,1,1,1,1,1,1
KM6,Comoros,1,0.78543705,0.82058924,0.75844401,0.85947436,0.74692464,0.54978073,0.6811952,0.81860799,0.85681403,0.92184991
KM6,Comoros,2,0.77583688,0.81090319,0.74890995,0.85201317,0.7362119,0.53320831,0.67582542,0.80347592,0.8473087,0.91821873
KM6,Comoros,3,0.75168788,0.79025578,0.72207206,0.83709526,0.70726109,0.50945175,0.64161038,0.78140086,0.82155287,0.90253907
KM6,Comoros,4,0.72417736,0.76127666,0.69568926,0.81915486,0.67477238,0.46752104,0.61757731,0.7450372,0.79697943,0.88664269
KM6,Comoros,5,0.69333071,0.72637689,0.66795504,0.79676718,0.63952565,0.40846533,0.58913797,0.7050575,0.76733345,0.87938523
KM6,Comoros,6,0.65125251,0.68026394,0.62897509,0.76603383,0.59154612,0.36883879,0.54574233,0.66366512,0.72413182,0.83744657
KM6,Comoros,7,0.58336169,0.59771305,0.57234156,0.71984082,0.51236862,0.28420877,0.48633614,0.59738165,0.65167445,0.77608317
KM6,Comoros,8,0.53409719,0.54008323,0.52950084,0.67646623,0.46004039,0.25758022,0.44050965,0.54035169,0.5815236,0.73908919
KM6,Comoros,9,0.49454933,0.49570644,0.49366105,0.63656181,0.42067793,0.22413532,0.39243898,0.50619048,0.54247999,0.69747305
KM6,Comoros,10,0.442186,0.44186184,0.44243518,0.59244198,0.36402658,0.20047264,0.32681942,0.44427866,0.48691037,0.65118545
KM6,Comoros,11,0.37787873,0.37270945,0.38184839,0.52700073,0.30030912,0.16356978,0.26782617,0.35246405,0.42743734,0.58596128
KM6,Comoros,12,0.32329711,0.31013197,0.33340669,0.46431574,0.24994266,0.11870335,0.20689687,0.31215879,0.36738461,0.52282327
KY6,Kyrgyz Republic,0,1,1,1,1,1,1,1,1,1,1
KY6,Kyrgyz Republic,1,0.99648893,0.99576133,0.9971388,1,0.99650061,1,0.99379361,0.9974696,1,1
KY6,Kyrgyz Republic,2,0.9958176,0.99529213,0.996712865,0.99646884,0.99544317,0.99531311,0.99261796,0.99510139,0.99522299,1
KY6,Kyrgyz Republic,3,0.99453562,0.99257487,0.99628693,0.99567813,0.99387866,0.99502772,0.9921028,0.99093074,0.99368972,0.99956208
KY6,Kyrgyz Republic,4,0.99212402,0.99031681,0.99373811,0.99463737,0.99067867,0.99474233,0.98786056,0.98915076,0.98858649,0.998939125
KY6,Kyrgyz Republic,5,0.98927045,0.98676914,0.99150455,0.99282497,0.98722637,0.99396819,0.98581654,0.98660797,0.98083436,0.99831617
KY6,Kyrgyz Republic,6,0.98724532,0.98512775,0.9891367,0.99025136,0.98551673,0.99247801,0.98377252,0.98357159,0.97796351,0.99578589
KY6,Kyrgyz Republic,7,0.98520249,0.98163575,0.98838824,0.98956972,0.98269105,0.99212664,0.98351294,0.97942716,0.97256523,0.99528515
KY6,Kyrgyz Republic,8,0.98150516,0.97811633,0.98453212,0.98834807,0.97756994,0.98784471,0.98052603,0.9738912,0.96765226,0.99377674
KY6,Kyrgyz Republic,9,0.97128874,0.9687826,0.97352725,0.9827643,0.96468896,0.97837967,0.96357626,0.95988029,0.95647657,0.99163932
KY6,Kyrgyz Republic,10,0.88021326,0.86416548,0.89454645,0.93077117,0.85113513,0.91283554,0.85989255,0.82069016,0.83652216,0.94950342
KY6,Kyrgyz Republic,11,0.86167854,0.84250039,0.87880754,0.90846318,0.8347705,0.89884359,0.84225595,0.79912275,0.8056137,0.93856555
KY6,Kyrgyz Republic,12,0.46550664,0.4071241,0.5176506,0.6490553,0.359938,0.40361881,0.34691116,0.32795393,0.44382486,0.71903592
LB6,Liberia,0,1,1,1,1,1,1,1,1,1,1
LB6,Liberia,1,0.78532016,0.87206692,0.70687735,0.85635442,0.66464722,0.57613361,0.69885951,0.77733976,0.85594177,0.92529637
LB6,Liberia,2,0.76779395,0.85625952,0.68779689,0.84547257,0.63583362,0.5395658,0.67188936,0.75167817,0.84906417,0.92278433
LB6,Liberia,3,0.74211937,0.83863187,0.65484565,0.83104795,0.5910477,0.49369666,0.63008833,0.72197193,0.82934403,0.91925538
LB6,Liberia,4,0.7035144,0.81058544,0.60669291,0.80526167,0.53066617,0.43584102,0.55913413,0.67776096,0.80287302,0.90815991
LB6,Liberia,5,0.66219473,0.77212459,0.56278819,0.77901459,0.46374142,0.36771482,0.49463069,0.62663937,0.78171116,0.88829547
LB6,Liberia,6,0.60330886,0.7234236,0.49469227,0.72956771,0.38882047,0.2962938,0.39919811,0.54511118,0.73606646,0.86657709
LB6,Liberia,7,0.5304873,0.65357465,0.41918281,0.66289574,0.30555215,0.21659102,0.30786437,0.45831832,0.65484804,0.83015674
LB6,Liberia,8,0.46629393,0.58252001,0.36119387,0.60376078,0.23276554,0.15120666,0.21821453,0.36931816,0.60346514,0.78961068
LB6,Liberia,9,0.39471167,0.50748771,0.29273134,0.52820063,0.16794086,0.094439574,0.15564933,0.30110303,0.51246315,0.71870881
LB6,Liberia,10,0.31800449,0.41342592,0.23171745,0.4356322,0.11817876,0.058677573,0.1023002,0.22312264,0.4188318,0.61543363
LB6,Liberia,11,0.25072098,0.33219972,0.17704193,0.35119724,0.080032088,0.034113675,0.074275434,0.14042871,0.33073699,0.5238291
LB6,Liberia,12,0.20752634,0.2703675,0.15070076,0.29480004,0.05926593,0.02345218,0.054725632,0.091572344,0.28569257,0.44768536
LS6,Lesotho,0,1,1,1,1,1,1,1,1,1,1
LS6,Lesotho,1,0.96278727,0.93763179,0.98871416,0.990372,0.95088571,0.88823044,0.95359802,0.97253543,0.98180896,0.99519873
LS6,Lesotho,2,0.95314473,0.92162663,0.98562932,0.9885869,0.93785304,0.86804509,0.93320268,0.96856284,0.97462595,0.99444252
LS6,Lesotho,3,0.93462318,0.88910151,0.9815408,0.98331988,0.91361272,0.80748463,0.91353416,0.952995,0.9705689,0.98925221
LS6,Lesotho,4,0.90530187,0.83849549,0.97415698,0.97362763,0.87582231,0.72875267,0.86944169,0.93125588,0.95728368,0.98410141
LS6,Lesotho,5,0.86165208,0.76877487,0.95737749,0.95789266,0.82012856,0.64129251,0.79329103,0.8816005,0.93764293,0.97906995
LS6,Lesotho,6,0.81371969,0.71072483,0.919873,0.94041508,0.75905621,0.5527522,0.71781892,0.83708817,0.90223503,0.96688765
LS6,Lesotho,7,0.7116906,0.60298038,0.82373464,0.87411654,0.64161098,0.42071173,0.58387709,0.70483148,0.80858314,0.93045217
LS6,Lesotho,8,0.49756125,0.41652346,0.58108413,0.73444933,0.39535445,0.15117007,0.29472268,0.44523922,0.61801559,0.83340406
LS6,Lesotho,9,0.39994755,0.33838272,0.46340033,0.63523471,0.29843149,0.090811327,0.19622436,0.33685899,0.49006426,0.75064182
LS6,Lesotho,10,0.30379233,0.25596529,0.35308602,0.51331437,0.21339279,0.053639762,0.13200496,0.22656959,0.34720504,0.64648491
LS6,Lesotho,11,0.25441995,0.21936484,0.29055008,0.45135567,0.16945083,0.0380571,0.087388493,0.17663474,0.28975233,0.57800192
LS6,Lesotho,12,0.11994237,0.10341584,0.13697571,0.23954749,0.068337969,0.03,0.016380847,0.051384997,0.11341123,0.35138011
ML6,Mali,0,1,1,1,1,1,1,1,1,1,1
ML6,Mali,1,0.32941279,0.43618819,0.26418588,0.62049544,0.22753851,0.11724179,0.14392984,0.2229801,0.3871426,0.66424924
ML6,Mali,2,0.32563224,0.43365166,0.25964543,0.61817271,0.22324775,0.11331741,0.13698556,0.21899334,0.38504133,0.66180402
ML6,Mali,3,0.31436542,0.42325556,0.24784665,0.60818332,0.21153378,0.10281654,0.13024798,0.20190381,0.37168142,0.65279996
ML6,Mali,4,0.29812884,0.40333915,0.233858,0.59801203,0.19317447,0.085069858,0.11476173,0.18587923,0.34771588,0.64335614
ML6,Mali,5,0.27050716,0.37015221,0.20963603,0.57136369,0.16521215,0.069191977,0.095680803,0.15252577,0.30195087,0.62021792
ML6,Mali,6,0.23651312,0.33353215,0.17724615,0.53694069,0.13136825,0.040943898,0.07422553,0.12700702,0.2464768,0.58348548
ML6,Mali,7,0.20427427,0.29685217,0.14772028,0.48405275,0.10635622,0.028143404,0.053630739,0.098245025,0.2072005,0.53116786
ML6,Mali,8,0.18478087,0.27340609,0.13064149,0.44526988,0.093613833,0.026691157,0.040070791,0.084162816,0.18168528,0.49468878
ML6,Mali,9,0.15037198,0.23300979,0.099890165,0.3757582,0.07149034,0.016366575,0.02751236,0.06152685,0.13879281,0.42350557
ML6,Mali,10,0.12284319,0.1954999,0.078458644,0.31903961,0.05417753,0.010529996,0.01957548,0.043606058,0.10264532,0.36452761
ML6,Mali,11,0.10859481,0.17528664,0.067854092,0.28869966,0.045560941,0.008908765,0.014978543,0.03353272,0.083415478,0.33443281
ML6,Mali,12,0.076867789,0.12120629,0.049782231,0.21555465,0.028329544,0.003123454,0.010811904,0.019342458,0.053960856,0.24659075
MM7,Myanmar,0,1,1,1,1,1,1,1,1,1,1
MM7,Myanmar,1,0.90243465,0.90219057,0.90264511,0.9657135,0.87635827,0.77211511,0.89211911,0.93861526,0.93080664,0.96286255
MM7,Myanmar,2,0.89300513,0.89413291,0.89203262,0.95842171,0.86604786,0.75144303,0.87816459,0.93517661,0.92927104,0.95369023
MM7,Myanmar,3,0.8666538,0.87056726,0.86327893,0.95005536,0.83228511,0.68410081,0.84160841,0.92006332,0.91519195,0.94903553
MM7,Myanmar,4,0.8257916,0.83438307,0.81838268,0.92354667,0.7855081,0.59960473,0.77963066,0.88700294,0.89536947,0.935835
MM7,Myanmar,5,0.75627631,0.76512098,0.74864906,0.88433892,0.70350355,0.47265559,0.6751942,0.81506467,0.85758156,0.91637933
MM7,Myanmar,6,0.58140844,0.60654616,0.55973071,0.80709237,0.48840725,0.241916,0.41323006,0.58538979,0.72897494,0.86786109
MM7,Myanmar,7,0.52398372,0.55155665,0.50020599,0.76706713,0.42381245,0.1748119,0.34651151,0.50540876,0.67900008,0.83995807
MM7,Myanmar,8,0.47134054,0.49322015,0.45247248,0.73397791,0.36311135,0.13791668,0.28360665,0.43002164,0.61780256,0.81163949
MM7,Myanmar,9,0.39801493,0.41088551,0.38691589,0.66356236,0.28858659,0.093319729,0.21533675,0.34051296,0.51900989,0.74919915
MM7,Myanmar,10,0.33036122,0.33310157,0.32799801,0.59400505,0.22171728,0.064034194,0.13935329,0.25915584,0.42042437,0.69851851
MM7,Myanmar,11,0.17395209,0.15595186,0.18947467,0.36073124,0.09698303,0.01341127,0.046504542,0.098713145,0.19518512,0.46862835
MM7,Myanmar,12,0.1088369,0.080498427,0.13327472,0.23959883,0.054951765,0.003994376,0.018252937,0.046757385,0.11922378,0.32279259
MW7,Malawai,0,1,1,1,1,1,1,1,1,1,1
MW7,Malawai,1,0.93144417,0.93937981,0.92474431,0.97507203,0.92029917,0.8595255,0.92238718,0.93100542,0.95600957,0.9772225
MW7,Malawai,2,0.91537005,0.92698485,0.90556413,0.97215092,0.90086508,0.82705015,0.90160936,0.90906817,0.95044869,0.97435057
MW7,Malawai,3,0.88317692,0.90388149,0.86569673,0.96412462,0.86249834,0.76381665,0.85613966,0.87188321,0.9338026,0.96955937
MW7,Malawai,4,0.82909435,0.85826659,0.804465,0.94847226,0.79859847,0.67493373,0.77233338,0.81437325,0.89546871,0.95821029
MW7,Malawai,5,0.76195109,0.80274063,0.72751373,0.92838621,0.7194342,0.57104057,0.66728461,0.74432266,0.84287572,0.94262552
MW7,Malawai,6,0.68119383,0.73082626,0.63929069,0.90157944,0.62489504,0.45399708,0.56402928,0.63891745,0.77479506,0.91730601
MW7,Malawai,7,0.59379536,0.65269256,0.54407018,0.86622852,0.52420062,0.33954602,0.44670489,0.54217428,0.69123125,0.8797732
MW7,Malawai,8,0.48483676,0.55077112,0.42917025,0.80186838,0.40384907,0.22462684,0.31388006,0.40770081,0.56759804,0.82445478
MW7,Malawai,9,0.37192294,0.43801615,0.31612232,0.70656574,0.28643638,0.12102073,0.19001327,0.27154839,0.43453321,0.74493259
MW7,Malawai,10,0.31124622,0.37525561,0.25720486,0.65116,0.22441311,0.080868691,0.13261293,0.20350687,0.35674286,0.68341148
MW7,Malawai,11,0.23386811,0.29567325,0.18168776,0.5287115,0.15854852,0.048587494,0.087153971,0.12347549,0.24953032,0.56816256
MW7,Malawai,12,0.17919174,0.2282467,0.13777599,0.43075684,0.11492786,0.031917132,0.055912856,0.08553002,0.17523289,0.46672544
MZ6,Mozambique,0,1,1,1,1,1,1,1,1,1,1
MZ6,Mozambique,1,0.79979157,0.87968564,0.73476905,0.91358775,0.72585452,0.66493511,0.70030355,0.72381425,0.85268396,0.96215087
MZ6,Mozambique,2,0.77554005,0.86523724,0.70253921,0.90465206,0.69165182,0.60965681,0.67278028,0.6877299,0.84171104,0.95761371
MZ6,Mozambique,3,0.71312642,0.81488943,0.63030571,0.87373477,0.60877401,0.49572799,0.57550317,0.61271363,0.79861057,0.94463784
MZ6,Mozambique,4,0.63619941,0.74798685,0.54522026,0.83290917,0.50839084,0.37135178,0.46102339,0.5170691,0.7340306,0.92598879
MZ6,Mozambique,5,0.55245388,0.66954356,0.45715949,0.78434885,0.40178436,0.2616277,0.32991734,0.42616704,0.65332049,0.89261049
MZ6,Mozambique,6,0.45150101,0.56506515,0.35907596,0.70628995,0.28595653,0.14379929,0.21655978,0.3099283,0.53495479,0.83490264
MZ6,Mozambique,7,0.382608,0.48827314,0.29661161,0.63580406,0.21809849,0.088681974,0.14360979,0.23806854,0.44656044,0.77726036
MZ6,Mozambique,8,0.27404064,0.35006234,0.2121699,0.49373937,0.13129546,0.037717853,0.061693162,0.13179988,0.30301109,0.64017266
MZ6,Mozambique,9,0.22155842,0.28594694,0.16915543,0.41153634,0.098123789,0.023900064,0.042499378,0.086097375,0.22429599,0.55701596
MZ6,Mozambique,10,0.16139738,0.21500859,0.11776559,0.30993795,0.064885922,0.011900446,0.022919666,0.044578169,0.15476403,0.43382439
MZ6,Mozambique,11,0.10013921,0.13311565,0.073301211,0.20974874,0.028922519,0.005735292,0.008040283,0.01322352,0.076565996,0.29954922
MZ6,Mozambique,12,0.070098758,0.095060095,0.049783919,0.1494969,0.018511387,0.004002063,0.004601247,0.005366524,0.044792682,0.21999493
NG6,Nigeria,0,1,1,1,1,1,1,1,1,1,1
NG6,Nigeria,1,0.66496915,0.74181473,0.6096254,0.89365619,0.53102571,0.20256682,0.43590048,0.75298291,0.90464556,0.97562468
NG6,Nigeria,2,0.66142303,0.7399137,0.60489446,0.89171928,0.52653706,0.19892628,0.4293465,0.74920332,0.9010902,0.975373985
NG6,Nigeria,3,0.6557579,0.73523343,0.5985201,0.88951844,0.51884294,0.18929198,0.41738874,0.74515474,0.89765722,0.97512329
NG6,Nigeria,4,0.64857185,0.73139369,0.58892399,0.88421011,0.51055706,0.18538059,0.40505889,0.73359531,0.89257801,0.97176325
NG6,Nigeria,5,0.63934165,0.72656101,0.57652682,0.87748921,0.49985722,0.17529419,0.38762903,0.72121114,0.88692737,0.97028434
NG6,Nigeria,6,0.62980384,0.71885133,0.5656724,0.86986667,0.48919764,0.16986729,0.37619537,0.70033717,0.87958354,0.96711928
NG6,Nigeria,7,0.52593112,0.61396146,0.46253228,0.77486277,0.38013041,0.090565629,0.24192409,0.55402911,0.78528392,0.89902705
NG6,Nigeria,8,0.51797247,0.60758787,0.45343205,0.7677632,0.37166858,0.088979334,0.23605588,0.53959346,0.77144217,0.89494139
NG6,Nigeria,9,0.49751028,0.59103096,0.4301573,0.74681538,0.35149083,0.084404208,0.21740654,0.50301075,0.75173926,0.8728348
NG6,Nigeria,10,0.45397863,0.5481568,0.38615206,0.70380658,0.30765286,0.065582171,0.17364459,0.43301848,0.70136064,0.83826476
NG6,Nigeria,11,0.43666995,0.52965957,0.36969942,0.68401361,0.29179931,0.058284856,0.16132164,0.41059756,0.67016333,0.82522279
NG6,Nigeria,12,0.41441923,0.5080514,0.34698594,0.65906954,0.27112612,0.057508849,0.14041558,0.37624276,0.63890392,0.80231464
NI6,Niger,0,1,1,1,1,1,1,1,1,1,1
NI6,Niger,1,0.27467856,0.39916658,0.20694381,0.61153048,0.1820689,0.10076257,0.14058271,0.18850505,0.23166831,0.57741511
NI6,Niger,2,0.26273239,0.38838029,0.19436654,0.6007573,0.16980025,0.093900137,0.12474184,0.17628853,0.2173654,0.56698799
NI6,Niger,3,0.24552912,0.36850211,0.1786187,0.57452089,0.15508041,0.084530778,0.11102644,0.15909573,0.19488212,0.54663372
NI6,Niger,4,0.22994556,0.35077682,0.16420047,0.55556369,0.14042436,0.078787521,0.094508991,0.14846922,0.17554332,0.52480853
NI6,Niger,5,0.21108846,0.32842889,0.14724278,0.52127594,0.12580958,0.067013085,0.081736177,0.13257843,0.15692787,0.49482602
NI6,Niger,6,0.14623672,0.23393588,0.098519035,0.4015204,0.076052353,0.031620458,0.049448997,0.077891715,0.10358969,0.37165344
NI6,Niger,7,0.1145512,0.18489975,0.076274097,0.3532021,0.048939634,0.014474113,0.027069654,0.050366804,0.068374865,0.3240228
NI6,Niger,8,0.094149426,0.15040548,0.063540131,0.31761518,0.032712664,0.009218988,0.011565736,0.035187494,0.041253444,0.2921665
NI6,Niger,9,0.078297853,0.1242025,0.053320829,0.28166977,0.022385428,0.006298042,0.007045166,0.020461649,0.025834417,0.25896585
NI6,Niger,10,0.054606598,0.083044052,0.039133586,0.20562299,0.01308811,0.005366607,0.001939001,0.008989197,0.015649674,0.18839934
NI6,Niger,11,0.040359732,0.060806505,0.029234504,0.15542936,0.008723979,0.004435171,0.000535586,0.005876186,0.0086762,0.14204277
NI6,Niger,12,0.029692054,0.045007702,0.021358706,0.11713586,0.005651384,0.004,0.0004,0.003880598,0.003258849,0.10760657
NM6,Namibia,0,1,1,1,1,1,1,1,1,1,1
NM6,Namibia,1,0.9404223,0.92012864,0.95879287,0.96585935,0.90162331,0.87201869,0.87562305,0.94405437,0.97366929,1
NM6,Namibia,2,0.93597746,0.9142819,0.95561707,0.96439087,0.89263856,0.86080128,0.8673948,0.93889552,0.97207582,1
NM6,Namibia,3,0.92845708,0.90556818,0.94917697,0.96165854,0.87781495,0.84104115,0.85651284,0.92893356,0.96853769,0.99220228
NM6,Namibia,4,0.91490942,0.88586849,0.94119847,0.95321161,0.85648739,0.81459755,0.83359933,0.90953004,0.96442544,0.98863834
NM6,Namibia,5,0.89943492,0.86474985,0.93083334,0.94594657,0.82849103,0.7729125,0.81432045,0.89103991,0.95474553,0.98745739
NM6,Namibia,6,0.87009978,0.82619399,0.90984511,0.92802805,0.78174216,0.71233302,0.7692374,0.85705781,0.93734473,0.97977275
NM6,Namibia,7,0.84179097,0.79579753,0.88342601,0.90904516,0.73920852,0.65002877,0.71972638,0.8282463,0.92212743,0.97408056
NM6,Namibia,8,0.78274012,0.7309283,0.82964224,0.87004393,0.64957607,0.52585262,0.64144802,0.75357473,0.88457805,0.958157
NM6,Namibia,9,0.70316333,0.65156502,0.74987203,0.8195793,0.52559447,0.40109408,0.50559151,0.65229535,0.83409023,0.93772405
NM6,Namibia,10,0.59407657,0.55621034,0.62835461,0.72665292,0.39185855,0.26606309,0.37352937,0.51563352,0.724042,0.88750064
NM6,Namibia,11,0.36924908,0.34705341,0.38934153,0.48659018,0.19026929,0.091348439,0.14682363,0.25904366,0.46567136,0.70040643
NM6,Namibia,12,0.33079383,0.3112911,0.34844849,0.44064271,0.16324185,0.073524341,0.11286436,0.23022532,0.42218164,0.64345938
NP7,Nepal,0,1,1,1,1,1,1,1,1,1,1
NP7,Nepal,1,0.8508687,0.94040102,0.79784644,0.89587826,0.76967055,0.75222743,0.7993868,0.78203166,0.88278836,0.97685057
NP7,Nepal,2,0.84075415,0.93275267,0.78627127,0.88598949,0.7591486,0.73139489,0.78848469,0.76535577,0.87856305,0.97370553
NP7,Nepal,3,0.81821036,0.90796018,0.76505929,0.86560833,0.73270339,0.68766761,0.7621786,0.74432182,0.8532213,0.96857595
NP7,Nepal,4,0.79136372,0.8835153,0.73679036,0.84621221,0.69241595,0.62711608,0.73244125,0.71092486,0.83281118,0.96398574
NP7,Nepal,5,0.75602657,0.84753168,0.70183605,0.81822258,0.6438238,0.56756765,0.67782837,0.68083978,0.80626154,0.94526643
NP7,Nepal,6,0.68935376,0.78408921,0.63325024,0.7627703,0.55690897,0.46587914,0.60663074,0.59116185,0.73880994,0.9235298
NP7,Nepal,7,0.65237415,0.74606556,0.5968889,0.7280162,0.5159145,0.41669175,0.56516355,0.53645843,0.70669347,0.90747613
NP7,Nepal,8,0.59867656,0.67981207,0.55062711,0.67280239,0.46495223,0.3582384,0.49962795,0.4808794,0.64853728,0.87150234
NP7,Nepal,9,0.5352574,0.60587257,0.49343821,0.60991913,0.40056631,0.28768662,0.42590016,0.41233853,0.58594382,0.82369775
NP7,Nepal,10,0.42573619,0.50367695,0.37957868,0.50142032,0.28920057,0.18619224,0.29097387,0.28753099,0.46108308,0.75583482
NP7,Nepal,11,0.30184427,0.35435033,0.2707496,0.36790675,0.18266641,0.10657299,0.18212375,0.16982539,0.29764131,0.62639487
PE6,Peru,0,1,1,1,1,1,1,1,1,1,1
PE6,Peru,1,0.99195522,0.99406636,0.98980838,0.99527901,0.98182315,0.97380573,0.99065924,0.99538779,0.996638,0.99701983
PE6,Peru,2,0.98730493,0.99117291,0.98337138,0.99279761,0.97056091,0.95927078,0.98053706,0.99402398,0.99635607,0.99599832
PE6,Peru,3,0.97948104,0.98490816,0.97396201,0.98920876,0.94982678,0.93036699,0.96983618,0.99042815,0.9932611,0.99576366
PE6,Peru,4,0.96541649,0.97552836,0.95513338,0.98223782,0.9141382,0.87755114,0.95035833,0.98044509,0.99162674,0.99566525
PE6,Peru,5,0.9508518,0.96279895,0.9387024,0.97545654,0.87584639,0.82224286,0.93286103,0.97210914,0.98985231,0.99163646
PE6,Peru,6,0.93353277,0.94827688,0.91853893,0.96729171,0.83062154,0.76385754,0.89944702,0.96324515,0.98805183,0.99160236
PE6,Peru,7,0.85323644,0.87733614,0.82872862,0.92507017,0.63425738,0.51177895,0.76877493,0.90956819,0.96810514,0.98234981
PE6,Peru,8,0.83316976,0.85910547,0.80679488,0.90887457,0.60238987,0.47224361,0.73275048,0.88617808,0.95938456,0.98124605
PE6,Peru,9,0.79931056,0.82590193,0.77226895,0.88180745,0.54782534,0.41306472,0.67557919,0.8477003,0.93807113,0.97692412
PE6,Peru,10,0.75352407,0.78260845,0.72394717,0.84200221,0.48380545,0.34371811,0.6119473,0.78100592,0.90909123,0.96695942
PE6,Peru,11,0.72395223,0.75479329,0.69258887,0.81602979,0.44326121,0.29907787,0.56926745,0.74769849,0.88237119,0.96011204
PE6,Peru,12,0.36879578,0.3717863,0.36575469,0.44603872,0.13332689,0.054017417,0.18585658,0.32045719,0.44959921,0.71027839
PH6,Philippines,0,1,1,1,1,1,1,1,1,1,1
PH6,Philippines,1,0.98842788,0.98632324,0.99063969,0.99301159,0.98325366,0.95800531,0.9889763,0.99390376,0.99675798,1
PH6,Philippines,2,0.98143643,0.97708333,0.98601109,0.98999143,0.97177935,0.92661959,0.97999746,0.99343795,0.99541384,0.99564886
PH6,Philippines,3,0.97005236,0.9614653,0.97907662,0.9840703,0.95422852,0.88015795,0.96811825,0.98665422,0.9943437,0.99442327
PH6,Philippines,4,0.95374268,0.93864626,0.96960777,0.97572696,0.92892623,0.81543219,0.95009029,0.97562909,0.99268615,0.99358964
PH6,Philippines,5,0.93469805,0.91246557,0.95806253,0.9648385,0.90067482,0.75103837,0.92364401,0.96468514,0.98807257,0.99044234
PH6,Philippines,6,0.91068053,0.88080162,0.94208086,0.94890743,0.86752903,0.6719799,0.88521445,0.95214486,0.9827894,0.98766762
PH6,Philippines,7,0.83749318,0.7952354,0.88190258,0.89851207,0.76861352,0.49748775,0.77333778,0.88147873,0.95228374,0.97289252
PH6,Philippines,8,0.8051936,0.75670356,0.85615265,0.87347752,0.72811306,0.43988836,0.71635407,0.84935081,0.93680495,0.96233016
PH6,Philippines,9,0.75386018,0.69829774,0.81225175,0.8288371,0.66922444,0.35674646,0.62947518,0.79464006,0.90518361,0.94704151
PH6,Philippines,10,0.70505649,0.64628828,0.76681721,0.78122514,0.6190756,0.30228621,0.55890715,0.72561711,0.86631715,0.92957008
PH6,Philippines,11,0.40231663,0.36253819,0.44412053,0.47396219,0.32144141,0.070200011,0.19565696,0.33178541,0.52534693,0.75331944
PH6,Philippines,12,0.34089571,0.3078649,0.37560838,0.40508497,0.26843739,0.048470356,0.14928459,0.252417,0.44341317,0.68865788
PK6,Pakistan,0,1,1,1,1,1,1,1,1,1,1
PK6,Pakistan,1,0.68598002,0.79076457,0.59450436,0.83120728,0.60423493,0.29184118,0.52556944,0.67646486,0.83776975,0.94347203
PK6,Pakistan,2,0.68023396,0.78311723,0.5904181,0.82763553,0.59726501,0.28300804,0.51614356,0.66750044,0.83546126,0.9421581
PK6,Pakistan,3,0.66256326,0.76149011,0.57620138,0.81663901,0.57583761,0.25794566,0.48629948,0.64441681,0.82594436,0.93570399
PK6,Pakistan,4,0.6414777,0.73526317,0.55960411,0.79704463,0.55391276,0.23647831,0.45527184,0.61077201,0.81078887,0.92770565
PK6,Pakistan,5,0.62193912,0.71364969,0.54187697,0.78080016,0.53252,0.22096644,0.41908365,0.58501601,0.79611754,0.91870958
PK6,Pakistan,6,0.5120005,0.61062175,0.42590544,0.69019145,0.41170105,0.13158688,0.30207416,0.43978518,0.65986592,0.85648221
PK6,Pakistan,7,0.4909527,0.57942593,0.41371673,0.66604626,0.39239672,0.11392434,0.28439087,0.41540164,0.63363832,0.83850253
PK6,Pakistan,8,0.4660331,0.54442847,0.39759499,0.63979912,0.36822432,0.099358819,0.25449026,0.38869238,0.60056436,0.81964487
PK6,Pakistan,9,0.37950274,0.44295457,0.32411018,0.54983228,0.28362831,0.066474728,0.18848853,0.29324722,0.47027576,0.73055047
PK6,Pakistan,10,0.34891516,0.39430854,0.30928743,0.51982951,0.25271153,0.057792634,0.16345686,0.25099474,0.42743447,0.70265639
PK6,Pakistan,11,0.20674881,0.23606232,0.18115863,0.33797619,0.13288409,0.025247613,0.073245928,0.12331655,0.21900448,0.49630702
PK6,Pakistan,12,0.19325431,0.21834892,0.17134717,0.31726658,0.1234508,0.022918586,0.065158091,0.11101414,0.20137423,0.47389174
RW6,Rwanda,0,1,1,1,1,1,1,1,1,1,1
RW6,Rwanda,1,0.91765368,0.92674768,0.91000068,0.95562607,0.90632218,0.81398058,0.90232974,0.92488784,0.96358597,0.96098059
RW6,Rwanda,2,0.88474095,0.89809495,0.87350303,0.94397199,0.86706561,0.73533767,0.86321521,0.89482731,0.94256961,0.95309627
RW6,Rwanda,3,0.82025123,0.83545637,0.80745548,0.91163689,0.79298049,0.62987977,0.77195513,0.83141381,0.88901085,0.92755949
RW6,Rwanda,4,0.71819156,0.73854297,0.70106488,0.85876811,0.67624158,0.46844703,0.62835062,0.72264433,0.80877006,0.88568908
RW6,Rwanda,5,0.60256559,0.62120992,0.5868755,0.78089595,0.54934925,0.32796806,0.47674835,0.58576816,0.70086914,0.82349247
RW6,Rwanda,6,0.4744662,0.49788591,0.45475739,0.68875891,0.41051823,0.19866671,0.31631985,0.43244419,0.56085938,0.74718457
RW6,Rwanda,7,0.30895519,0.3263576,0.2943103,0.53850234,0.24045512,0.086946748,0.14236218,0.2378041,0.36292532,0.59611243
RW6,Rwanda,8,0.28508726,0.30249605,0.27043697,0.52002668,0.21497804,0.066478387,0.11849992,0.20954716,0.33675444,0.57480931
RW6,Rwanda,9,0.24738306,0.26342487,0.23388317,0.47251114,0.18020169,0.05477922,0.084058344,0.16980211,0.28572288,0.52814412
RW6,Rwanda,10,0.20434713,0.22093925,0.19038416,0.41720745,0.14082666,0.036786795,0.056800682,0.1283555,0.23098281,0.46373418
RW6,Rwanda,11,0.18172117,0.20173883,0.1648754,0.38787279,0.12020265,0.026998475,0.045015905,0.11252451,0.19703348,0.42761204
RW6,Rwanda,12,0.15063407,0.16721572,0.13667987,0.34695417,0.09204942,0.016968606,0.025268609,0.084778205,0.14629771,0.3856357
SL6,Sierra Leone,0,1,1,1,1,1,1,1,1,1,1
SL6,Sierra Leone,1,0.5543673,0.67068022,0.46626204,0.75229192,0.41634685,0.32087484,0.39993796,0.4563486,0.58602065,0.80910784
SL6,Sierra Leone,2,0.55119473,0.66703582,0.46344683,0.75127459,0.41167128,0.31752455,0.39445803,0.45265236,0.58211118,0.80815887
SL6,Sierra Leone,3,0.54114395,0.66030449,0.4508816,0.74626124,0.39810768,0.30651811,0.37563911,0.43626279,0.57661462,0.80404288
SL6,Sierra Leone,4,0.52195245,0.64458394,0.42906094,0.7341888,0.37395179,0.28474841,0.34735715,0.41524538,0.55806404,0.79205012
SL6,Sierra Leone,5,0.50048935,0.62502074,0.40615869,0.72293693,0.34536803,0.25262821,0.32111529,0.38700563,0.53762168,0.78256255
SL6,Sierra Leone,6,0.47114235,0.60036647,0.37325698,0.70391637,0.30882001,0.21282656,0.2859495,0.35391903,0.50534236,0.76669604
SL6,Sierra Leone,7,0.42318755,0.56368899,0.31675982,0.66276294,0.25612235,0.15637316,0.2373639,0.29985324,0.46045589,0.72531748
SL6,Sierra Leone,8,0.38425913,0.52790695,0.27544805,0.62845325,0.21397309,0.1254895,0.19311263,0.2549642,0.41057727,0.69595063
SL6,Sierra Leone,9,0.33321154,0.46443015,0.23381533,0.58221632,0.15957077,0.078101903,0.13751249,0.19402377,0.35174906,0.65657115
SL6,Sierra Leone,10,0.26230708,0.37401003,0.17769368,0.48948076,0.10388999,0.044039685,0.089490086,0.12892833,0.24795721,0.57154703
SL6,Sierra Leone,11,0.22608812,0.31648844,0.15761113,0.43868679,0.077834778,0.032590196,0.063478947,0.098595247,0.19961138,0.52057081
SL6,Sierra Leone,12,0.16348942,0.22321033,0.11825161,0.33918008,0.040973455,0.014743623,0.027041094,0.053149652,0.12797077,0.41412514
TD6,Chad,0,1,1,1,1,1,1,1,1,1,1
TD6,Chad,1,0.50176418,0.64040202,0.39721513,0.69534302,0.42524436,0.43963143,0.44851086,0.42104957,0.39298221,0.71621007
TD6,Chad,2,0.49215439,0.63356572,0.38551375,0.69166422,0.41329008,0.42698628,0.43768984,0.40711713,0.38328245,0.71274531
TD6,Chad,3,0.46426344,0.61356574,0.35167214,0.6807518,0.37868768,0.3743791,0.40026483,0.38471556,0.36025125,0.70249641
TD6,Chad,4,0.42634574,0.58476442,0.30687958,0.65758181,0.33494031,0.32096794,0.35412401,0.34111762,0.32468003,0.68418229
TD6,Chad,5,0.38675946,0.55089492,0.26298222,0.63256156,0.28959626,0.27828905,0.30221915,0.29254648,0.2872963,0.66095054
TD6,Chad,6,0.34670871,0.50862288,0.22460653,0.59881872,0.24705204,0.23002423,0.25166357,0.25448787,0.25627068,0.62722605
TD6,Chad,7,0.28584918,0.43602017,0.17260274,0.54655975,0.18279281,0.15872698,0.19105807,0.19359538,0.18624373,0.5797841
TD6,Chad,8,0.24469978,0.38276863,0.14057975,0.5119009,0.13907775,0.10289712,0.14669365,0.14752854,0.15235455,0.54998702
TD6,Chad,9,0.21152204,0.33613324,0.11755061,0.47569561,0.10709677,0.076673232,0.11214209,0.11085067,0.1234863,0.51246053
TD6,Chad,10,0.17672366,0.28302655,0.096558787,0.41435811,0.082789011,0.055767771,0.081750371,0.088987544,0.10197937,0.44646156
TD6,Chad,11,0.13346718,0.21838541,0.069428846,0.34286195,0.050695408,0.028230248,0.057669342,0.055955954,0.059078343,0.37009323
TD6,Chad,12,0.1074587,0.17240515,0.058481369,0.29838786,0.031986196,0.015022692,0.033716619,0.038036324,0.041871019,0.32186639
TG6,Togo,0,1,1,1,1,1,1,1,1,1,1
TG6,Togo,1,0.82366991,0.90173846,0.75609577,0.91072649,0.73418266,0.6042909,0.70312518,0.82227081,0.8937009,0.93020111
TG6,Togo,2,0.81337678,0.89250052,0.7448892,0.90579188,0.7183814,0.58605045,0.68875664,0.8039937,0.8871634,0.92718709
TG6,Togo,3,0.78107876,0.86608058,0.70750326,0.88577288,0.67346156,0.53283995,0.64026546,0.75371909,0.86679357,0.91321301
TG6,Togo,4,0.73356026,0.8229906,0.65615141,0.85393417,0.60982531,0.47050807,0.57791591,0.67681992,0.83070678,0.88738704
TG6,Togo,5,0.6880185,0.79087073,0.59899193,0.81954432,0.55282021,0.41646868,0.51304334,0.61946851,0.78351527,0.86328846
TG6,Togo,6,0.61393553,0.7286948,0.51460248,0.7617662,0.46197706,0.33634341,0.40780014,0.5199244,0.7127496,0.81883943
TG6,Togo,7,0.49619794,0.61406428,0.39417553,0.64964682,0.33846441,0.24459606,0.29386774,0.37136078,0.57489264,0.72101516
TG6,Togo,8,0.44452685,0.56927127,0.33655089,0.60737067,0.27713603,0.1869083,0.2322751,0.3127262,0.51346397,0.68900788
TG6,Togo,9,0.38853416,0.51292253,0.28086638,0.55280429,0.21967721,0.14071415,0.17436387,0.24587999,0.44666389,0.64432728
TG6,Togo,10,0.30162323,0.41327119,0.20498322,0.45129454,0.14777271,0.081796162,0.11419125,0.16198249,0.33169049,0.55254954
TG6,Togo,11,0.23685722,0.34120128,0.14653926,0.36422843,0.1059294,0.058514036,0.07787995,0.11103414,0.26222593,0.45012021
TG6,Togo,12,0.19330421,0.28064489,0.11770397,0.30883488,0.074547552,0.040674619,0.048408877,0.073120601,0.21160556,0.39001474
TJ6,Tajikistan,0,1,1,1,1,1,1,1,1,1,1
TJ6,Tajikistan,1,0.97752583,0.98787898,0.96800375,0.98842323,0.97419316,0.95035172,0.96821547,0.97899759,0.9929688,0.99358368
TJ6,Tajikistan,2,0.97441655,0.98610938,0.96366239,0.98655599,0.97070402,0.94786787,0.96621597,0.97122878,0.99097395,0.99275559
TJ6,Tajikistan,3,0.96815944,0.98293835,0.9545669,0.98128372,0.96414578,0.93880177,0.96007586,0.96183026,0.98679483,0.99018115
TJ6,Tajikistan,4,0.95468867,0.97645062,0.93467367,0.96945792,0.95017189,0.91578418,0.94547367,0.94492573,0.98232716,0.98041618
TJ6,Tajikistan,5,0.93159407,0.96607238,0.89988345,0.95582408,0.92418396,0.88143373,0.9086659,0.91996562,0.97011113,0.97300649
TJ6,Tajikistan,6,0.91860855,0.96127677,0.87936527,0.94231743,0.9113577,0.86286604,0.88706547,0.90911645,0.96719027,0.96104902
TJ6,Tajikistan,7,0.9057163,0.95564461,0.85979575,0.92981106,0.8983475,0.84792197,0.87256855,0.89297247,0.95668316,0.95289856
TJ6,Tajikistan,8,0.89061815,0.94800651,0.83783633,0.91318828,0.88371557,0.83149326,0.85537142,0.87733346,0.94194639,0.94161671
TJ6,Tajikistan,9,0.8292802,0.8977977,0.76626259,0.87811744,0.81434453,0.71393782,0.79025328,0.82416934,0.89398342,0.91094136
TJ6,Tajikistan,10,0.63242948,0.76510406,0.51040477,0.7201131,0.60561371,0.51428056,0.58250797,0.58824503,0.68851209,0.78392339
TJ6,Tajikistan,11,0.58294868,0.71360523,0.46277991,0.6899398,0.55022812,0.46306559,0.52920789,0.53960466,0.63254261,0.74675274
TJ6,Tajikistan,12,0.22344586,0.31433865,0.13984899,0.37489417,0.17712921,0.11594074,0.13378346,0.16260563,0.23848422,0.47637415
TL5,Timor-Leste,0,1,1,1,1,1,1,1,1,1,1
TL5,Timor-Leste,1,0.81470615,0.83006287,0.80049533,0.92061377,0.76829487,0.67778182,0.71863621,0.77533835,0.85695398,0.95743352
TL5,Timor-Leste,2,0.80804592,0.8241213,0.79317021,0.91106945,0.76289868,0.66903168,0.7114616,0.76891673,0.85029,0.95215183
TL5,Timor-Leste,3,0.78889579,0.80262411,0.77619189,0.89479768,0.74248707,0.64263386,0.67575008,0.74999624,0.83491045,0.94568866
TL5,Timor-Leste,4,0.76056468,0.77032948,0.75152862,0.87727845,0.70941794,0.58333838,0.63688165,0.72642213,0.80625337,0.93916726
TL5,Timor-Leste,5,0.72369719,0.73444504,0.71375132,0.8555668,0.66590875,0.51842117,0.58460736,0.68685633,0.77366006,0.92797935
TL5,Timor-Leste,6,0.68027908,0.68992406,0.67135388,0.82819551,0.61545861,0.45328811,0.53612328,0.63492966,0.73551166,0.90289319
TL5,Timor-Leste,7,0.59651929,0.61404663,0.58029985,0.77358192,0.5189262,0.33931914,0.43393227,0.53647023,0.65379179,0.86034507
TL5,Timor-Leste,8,0.57391995,0.59068197,0.55840874,0.75862241,0.49297884,0.3157019,0.39928696,0.51019424,0.63313586,0.84848642
TL5,Timor-Leste,9,0.52189612,0.54203504,0.5032599,0.72333711,0.43361977,0.26048648,0.33704045,0.44764432,0.5774498,0.81800187
TL5,Timor-Leste,12,0.4523744,0.48993012,0.41762096,0.66359043,0.35981441,0.20734929,0.26344061,0.367421,0.50225979,0.75631011
UG6,Uganda,0,1,1,1,1,1,1,1,1,1,1
UG6,Uganda,1,0.92765331,0.95173776,0.9084782,0.97893918,0.91114515,0.79642004,0.92814344,0.95422977,0.94336289,0.97719872
UG6,Uganda,2,0.91016906,0.93716794,0.88867354,0.97243559,0.89012635,0.76897311,0.90616107,0.92757595,0.9282909,0.97275567
UG6,Uganda,3,0.87835914,0.91316485,0.85064822,0.96735317,0.84971327,0.70347452,0.85749656,0.89210212,0.91346782,0.96393549
UG6,Uganda,4,0.82955068,0.86883241,0.79827607,0.95126921,0.7903713,0.62086517,0.7925716,0.82514238,0.87305689,0.95176512
UG6,Uganda,5,0.75844896,0.81927848,0.71001881,0.92274028,0.70556605,0.49300662,0.69047105,0.74964964,0.81456512,0.92949009
UG6,Uganda,6,0.66876036,0.73070037,0.6194461,0.88115203,0.60039467,0.37189701,0.55156398,0.63556319,0.74041718,0.8969599
UG6,Uganda,7,0.53965867,0.60302776,0.48920664,0.80431366,0.45447019,0.22189249,0.39315003,0.47601533,0.59240353,0.82969201
UG6,Uganda,8,0.39285174,0.44899136,0.3481555,0.70208031,0.29331568,0.096169442,0.20840892,0.29365644,0.43692976,0.72342068
UG6,Uganda,9,0.34955254,0.41064978,0.30090925,0.64476752,0.25452724,0.084693402,0.1740271,0.24158385,0.3800849,0.66923714
UG6,Uganda,10,0.28928652,0.35435778,0.23747928,0.57159299,0.19841626,0.062838607,0.14236933,0.1794581,0.2859149,0.58879071
UG6,Uganda,11,0.24193747,0.29830152,0.19706258,0.50391066,0.15761219,0.044594742,0.11184779,0.14176077,0.2164579,0.52041513
UG6,Uganda,12,0.14226909,0.17554045,0.11577966,0.35527301,0.073706262,0.016569605,0.042501632,0.058183599,0.10672075,0.35501567
ZM6,Zambia,0,1,1,1,1,1,1,1,1,1,1
ZM6,Zambia,1,0.94041842,0.96273923,0.92232633,0.97802061,0.90426445,0.84599525,0.91274357,0.94161218,0.97477978,0.98958552
ZM6,Zambia,2,0.92978048,0.95433033,0.90988177,0.97471821,0.88657355,0.81686145,0.89685613,0.932455,0.97072852,0.98777264
ZM6,Zambia,3,0.90781629,0.94203979,0.88007671,0.96775198,0.85018903,0.75860316,0.86252552,0.91442448,0.95886749,0.98614854
ZM6,Zambia,4,0.88021177,0.92092162,0.84721482,0.95917356,0.80429131,0.70304662,0.80611849,0.88695431,0.94683611,0.98194581
ZM6,Zambia,5,0.83820957,0.89235264,0.7943244,0.93902528,0.74127692,0.61390811,0.74286765,0.83808577,0.91844815,0.97712487
ZM6,Zambia,6,0.78734946,0.84969234,0.73681784,0.90964073,0.66976827,0.52484012,0.65565544,0.77008593,0.88219768,0.9732722
ZM6,Zambia,7,0.72271711,0.7964527,0.66295123,0.87228549,0.5789094,0.42480433,0.55389297,0.6799053,0.83451259,0.95788068
ZM6,Zambia,8,0.57482535,0.65827888,0.5071826,0.7668798,0.39016798,0.22205655,0.34272042,0.50162458,0.69592494,0.89819336
ZM6,Zambia,9,0.49563906,0.57708859,0.42962062,0.699673,0.29946357,0.15016238,0.24509244,0.38789257,0.60589033,0.85788667
ZM6,Zambia,10,0.3304041,0.40654507,0.26868847,0.51855952,0.14949557,0.047127828,0.093874477,0.19900531,0.38121623,0.70886374
ZM6,Zambia,11,0.29028797,0.35602555,0.23700471,0.46351755,0.12373039,0.032054953,0.070727296,0.1609008,0.32537985,0.65354532
ZM6,Zambia,12,0.25021657,0.30525893,0.20560223,0.40905756,0.09749341,0.016812408,0.053351514,0.11848151,0.27298537,0.59473467
ZW7,Zimbabwe,0,1,1,1,1,1,1,1,1,1,1
ZW7,Zimbabwe,1,0.99175853,0.99479145,0.98935884,1,0.98789036,0.97207326,0.99172509,0.99582142,0.99705774,1
ZW7,Zimbabwe,2,0.989972,0.99147034,0.98878652,0.99769998,0.98494083,0.96952021,0.99025518,0.99075359,0.99593115,1
ZW7,Zimbabwe,3,0.98405772,0.98358238,0.98443377,0.99743551,0.97534829,0.95514947,0.97987866,0.98255122,0.99444318,0.99725485
ZW7,Zimbabwe,4,0.97683913,0.97720307,0.97655112,0.99482834,0.96512747,0.932441,0.97254139,0.97828114,0.98958629,0.99637043
ZW7,Zimbabwe,5,0.96525753,0.96286333,0.9671517,0.99250567,0.94751793,0.90266728,0.95447272,0.96593601,0.98440176,0.99575543
ZW7,Zimbabwe,6,0.94878894,0.9465633,0.95054984,0.99051404,0.92162454,0.85806918,0.93138784,0.94829643,0.97781628,0.99390483
ZW7,Zimbabwe,7,0.89796925,0.90292108,0.89405155,0.98361033,0.84221417,0.73148853,0.84786105,0.89204854,0.95937306,0.98846185
ZW7,Zimbabwe,8,0.75530028,0.77484339,0.73983842,0.93245316,0.6399681,0.45525709,0.6138612,0.72922844,0.87108058,0.95842791
ZW7,Zimbabwe,9,0.69866431,0.73343718,0.67115319,0.9085871,0.56199783,0.35794997,0.53320873,0.64864218,0.83426046,0.94186449
ZW7,Zimbabwe,10,0.61229825,0.65467137,0.57877398,0.85643971,0.45335424,0.26806384,0.39478442,0.53619957,0.75389338,0.90462905
ZW7,Zimbabwe,11,0.51310831,0.55736977,0.47809017,0.77689821,0.34137261,0.17428224,0.30092245,0.38735119,0.63354659,0.85130382
ZW7,Zimbabwe,12,0.1343347,0.16405809,0.11081856,0.27124822,0.04519948,0.007351765,0.017276449,0.036063109,0.11942378,0.37934315